9257
2480
6531
4726
18461
8279
1805
16538
1874
10591
4818
10210
822
3505
19046
1933
16578
4113
4447
14258
4267
6443
9466
7991
18861
10708
17738
6021
14780
17386
15277
8872
825
12887
9605
6003
4359
12733
872
16290
889
16893
12907
8923
4698
10649
9884
19593
10809
13653
14678
17308
2419
18166
4792
1819
6536
18283
3365
19675
8345
12562
9710
2736
15109
15742
19251
10936
17389
1277
6890
19629
6966
14307
19818
2960
6218
18706
9720
6374
15112
5611
16992
16970
2493
4631
3861
15688
10825
13878
7490
4882
11478
2095
6360
19711
2836
12595
15003
7908
6756
12937
3924
14782
3313
2220
11495
14380
13089
1954
3268
17528
17215
7399
12558
6682
18152
8296
11909
16672
7858
367
1426
713
2085
5852
19433
823
13641
12697
14032
11978
1949
2666
11283
4280
14854
8690
17141
17526
2740
3544
8097
11300
8965
4303
17768
11004
19925
5124
6932
5382
17820
13056
1872
1224
19970
771
13045
8339
5789
108
10417
16333
4789
4477
17576
17032
6551
16366
5163
12275
11243
1152
14698
5771
807
14659
15317
17070
5976
5276
14231
4358
10449
6949
10158
4619
17943
14195
6561
4378
6548
15215
5946
6483
9701
12468
5169
3469
3347
795
10712
12747
6929
4938
2958
5360
13387
14799
6220
4527
15213
13839
14743
16718
12857
9118
19657
8983
16049
13222
13633
6762
5481
14789
3935
18729
1223
1275
11523
11432
2157
12046
18889
737
15676
6043
12446
3350
559
3779
15514
5551
9078
6602
4364
13291
13116
2143
8759
3775
404
5922
12671
19481
8495
7196
15884
11431
14302
19461
19570
14879
10917
3897
12021
2216
10464
18820
17921
17313
14859
19953
4851
7851
6623
17679
11910
3303
19397
6310
15001
6783
4847
10002
7787
1298
12508
18281
4729
12095
19088
4484
7621
85
10201
6610
6595
435
4797
3141
15167
13721
8124
13441
4111
481
16040
19745
5211
10051
14368
10088
13385
1559
30
13528
8079
19971
181
7034
17641
18015
15867
15594
1266
7124
17990
1142
18236
15776
210
9629
820
8957
8263
1971
5287
9732
11807
8050
10217
13371
10933
12066
284
19463
18317
17538
7687
16765
6863
16178
11946
10606
18688
14972
9047
1254
766
14013
1799
1913
6158
16768
19926
10674
13413
12274
16842
15363
12877
13834
18899
18612
5090
14790
200
7892
7510
13422
17774
4875
14459
17756
2196
15940
18788
4075
13430
11052
4507
15427
11125
1929
291
4331
15114
13758
9073
19227
15355
2708
9595
14271
2120
7650
6934
19084
12560
14933
11509
19845
19499
2096
12092
16048
3205
6002
10661
2296
7402
4259
14915
499
17082
1339
16
5151
15939
10029
3925
6627
1299
16541
17354
3846
8338
2699
15385
17376
8353
19712
4766
19357
1462
13910
5915
7504
4993
10472
11192
12637
12342
17761
18661
8689
3666
18892
19573
13561
19939
13214
13123
9355
6074
17396
6925
7383
16017
3532
7891
1475
14492
2198
4482
28
2928
15293
16742
17909
18990
8095
10948
9263
19482
1158
9993
4341
17461
412
2567
19641
9903
4349
15404
15104
7834
7240
8815
11222
8276
14602
15832
5637
11884
9075
9915
5739
3944
9905
3906
18285
18785
19515
10050
1826
12950
4671
7714
3295
9214
12852
6251
18932
14204
1676
12720
4133
11778
11572
16659
19861
18525
9036
3102
15892
19438
11625
13276
12901
7460
19975
2592
12692
15907
4257
3143
17739
3624
12499
11651
4307
4546
6289
13302
18357
18759
2185
16124
15411
7926
18528
541
11002
15681
7110
18393
14146
11715
18262
9236
15576
4880
8281
2625
12864
6458
19337
14253
12114
16825
8647
17301
18021
7859
976
14794
12430
18732
19243
1262
9168
6173
15598
13039
3711
7235
1451
16275
44
8085
13521
2534
2194
3257
3274
2789
8928
6753
230
15208
3222
19663
18669
18190
16968
10547
14340
6066
13195
13751
4488
10951
16015
13830
8604
11973
12200
16786
6677
9645
18608
7019
16269
10077
2562
8125
3867
2525
6971
18313
4801
19596
6769
3417
12272
5835
3908
13703
14016
750
17426
18903
13543
19092
18947
14907
6924
9992
12248
5608
16688
17207
19235
6819
10579
3468
19280
14031
11753
14762
1104
1798
6189
2949
2545
357
15610
19127
6922
4271
10680
2358
5052
1020
5020
6395
7319
17303
10555
3893
6216
15705
15328
51
13656
731
19278
14114
4638
18494
12064
8449
8364
11180
5649
10633
16747
8031
18909
16782
298
847
2151
2767
7256
7750
16843
1900
5019
9419
3755
17619
18475
16498
11503
18954
17985
157
9250
19507
14361
2384
14121
9902
12778
9352
1939
4690
16085
8960
14890
7763
7870
15889
7548
4768
2681
15728
2313
11624
6167
4270
19679
16721
5966
5947
3422
2579
1237
86
14323
4706
4004
9282
2760
9416
12647
12518
3312
5415
13230
4862
19104
13332
8136
5039
351
10318
10107
12803
6963
9792
8516
17901
15558
9447
6072
12296
9405
4956
5974
11810
7600
9938
11504
10983
2802
19244
2029
8968
15387
9945
18331
4297
14978
6538
2020
5175
13501
10967
15088
10283
7456
4048
148
18056
9485
14296
9878
16524
15135
2631
11885
3556
3155
1960
1813
15602
14664
10541
2884
8697
3354
7398
19912
9939
17871
16224
8291
18955
3329
15712
2102
5297
15868
4472
10310
4062
15228
19796
13031
709
19865
8225
14036
1214
3165
12054
11853
15382
3118
14057
269
4103
11842
337
18696
12360
8086
14948
12076
64
18822
16208
1920
960
13803
7061
14376
9847
15725
19798
5703
9072
11261
4086
13805
3398
18556
15329
13869
8711
11571
15779
3021
12201
8891
8862
5048
14844
10830
7534
13522
4244
6069
10369
2218
13401
17310
9162
16130
13465
16403
4857
13887
18924
5061
1105
10220
16889
13827
17568
10071
14207
4338
6139
8529
7656
3168
5394
10227
10106
13816
1075
10436
17473
4136
16325
8103
13660
15376
15036
7668
10507
10934
16207
16274
6362
10048
5888
13149
5615
4393
11653
18127
8300
15144
1912
6024
8066
1205
16926
9099
140
16282
12332
8386
105
2914
15874
5280
15839
12441
17123
14081
18649
7857
16990
3798
5603
15934
18471
14176
394
17769
10736
3429
7478
14112
11402
3765
14006
15339
5705
9264
14330
4763
16997
14469
2291
1978
6801
1947
18867
1474
3225
15760
15797
11963
10867
11599
838
14394
8639
16805
15574
93
16451
3307
5126
3087
13850
7689
4508
9531
12578
9462
17885
2413
17362
2582
6606
13902
294
16458
13036
3679
10404
15334
5398
16235
19795
18454
74
10864
4865
333
10823
13334
18599
11719
523
14471
3287
189
2458
9642
7014
16881
7746
2974
11063
8149
264
15425
18359
11805
12549
5094
8403
9464
779
7864
1200
12713
8047
9494
14808
11380
19041
10120
10531
7572
12528
16654
485
16225
10407
13087
8184
677
8541
10434
7043
17467
17096
19736
14120
5329
975
11645
502
8534
11389
5792
7269
2613
5321
12470
6943
9145
9054
7601
19033
14312
15356
5468
10964
2448
15396
16674
7655
6327
10149
19510
6706
842
7516
11043
15270
2653
13599
4001
7135
14295
1959
12438
13490
1165
16405
17284
4748
17159
17890
13383
9089
11826
4662
2064
10730
18202
17782
6685
2761
4071
12566
1309
7480
12250
14041
14674
11782
10704
16387
14841
2714
12911
7123
5062
14168
8351
14030
10486
19547
1804
15507
3739
1605
4530
5808
3357
13648
10720
10895
2635
13761
6323
16985
13148
1424
18683
1425
18111
11657
18252
17482
5889
16367
2237
127
3405
2552
16203
3180
15429
6177
9552
2651
19688
15262
2466
15590
7805
5511
18710
9745
2221
9489
16909
11100
13811
6408
16713
13728
19974
18114
12963
5134
16058
6859
12413
9006
11269
1326
19958
6661
16996
13144
5728
8286
1982
13133
8601
2817
10319
6524
6735
4318
7428
19989
18499
15736
15352
16951
10597
9965
16871
13859
18636
15855
18680
18672
13217
8420
6901
19929
6232
2250
17868
18704
459
6309
7265
16771
12960
17042
19335
16446
9308
2726
4710
1
5854
2879
9671
14181
1606
18695
10218
12093
18346
17062
16636
305
12795
11398
614
8056
1441
11170
13447
14579
7183
18806
149
19934
14451
17158
16625
12883
9507
6211
1032
7963
1465
8172
5772
578
12173
675
14301
16430
1322
18319
14124
1377
12537
19160
13342
1608
786
6450
1241
1087
2379
11601
14145
4182
11447
8924
18448
6105
15821
16998
11223
1086
802
14037
14076
6833
10554
7450
5722
1988
18309
1363
17842
9729
10287
777
6547
18664
7901
7900
3219
6397
17562
4301
14986
7652
9588
12165
3105
16584
2415
1181
9407
10851
7968
565
16967
8208
18120
7624
12309
5713
7663
707
996
14896
11621
14726
6478
11348
19330
15818
5571
12379
17098
11318
12547
18935
2159
1013
4844
18017
10961
13682
7889
3942
13576
2831
1859
952
8000
7329
16521
12164
12315
11583
11659
18384
5309
17505
17643
364
3291
11473
12775
17054
11430
3668
6316
4152
18038
16962
10831
11566
7981
6020
16954
5624
7769
15629
12879
13799
953
5775
9840
14331
18689
14699
16134
7954
16679
14778
6192
5528
5299
1841
7827
18297
2141
15405
7753
3938
18370
5548
17989
11351
12169
1295
7719
13120
5552
12953
10957
2787
8887
4264
17881
4535
19279
560
1765
2604
18308
12820
8722
11472
8209
11816
9382
17860
12903
3663
14682
13933
19983
2330
10812
11453
14427
15319
19758
17128
13624
14049
17609
19329
7340
14645
2676
135
3300
4781
9625
17979
10883
19644
14429
6815
10072
6755
676
7881
1290
19947
9420
17996
15530
882
10423
12094
4983
3728
8094
12709
725
4141
16129
3423
7122
2463
8
17681
17408
5905
5742
8915
4585
12682
14367
5498
10737
2452
8135
6823
17816
3286
1502
5682
4134
19587
19242
7395
18818
12270
17182
15018
3692
17807
17244
5170
3116
19742
1045
16082
5106
6772
12500
18432
19561
17865
19931
7736
7708
18872
18751
6195
5400
8869
19534
15210
1238
11712
7449
2099
3483
6515
8922
5778
1101
7936
9063
1403
10214
6593
8260
12475
428
9190
19997
1539
11095
8469
15597
4703
10331
10783
5384
2901
18006
19179
840
233
591
4623
18259
11840
2014
19738
7053
4139
18228
17195
13064
16127
1553
11849
17978
11119
116
13450
3379
10866
7290
1233
7660
1705
19881
16720
2171
13739
8336
3235
6717
12206
12523
9784
19057
14297
16924
19049
14351
19860
6461
13278
12758
4696
1772
3147
18442
16273
17537
8357
18758
6612
4470
9955
13458
5311
7408
1934
4861
8707
17163
16681
18221
15838
16516
994
3048
17563
6052
16993
13701
14945
1639
7697
13236
4128
19554
16736
15312
7691
17448
10754
720
3630
3990
2794
3516
6530
3034
19388
1274
5585
602
5916
8816
14416
3421
2509
8129
13619
16833
15654
2436
17827
3154
17186
1996
6986
9039
1259
1489
15470
19852
6993
13675
12880
4389
361
16913
13100
7411
3108
1098
15399
7281
13642
13846
19159
18940
16241
18765
11720
6268
1927
1684
3764
6305
14709
16758
12161
4646
3363
6016
13288
1204
7421
15827
10877
18354
19376
15206
9644
19428
8277
4453
4640
2572
748
17875
14352
12236
4753
5235
17716
5531
15037
15157
17224
13275
5392
6383
15672
1897
6344
2348
11433
3834
5797
7405
14735
19089
7612
18351
10480
7157
11874
8510
5508
2206
4897
19755
4871
19192
11414
6737
8621
15414
4557
19592
2565
16038
1607
12721
13365
6632
18767
11152
17992
7226
3831
6514
15695
11197
5035
14600
2529
6392
18328
4767
10994
6198
7103
15554
17157
3094
16897
8932
17419
17092
3156
2557
7502
19642
18094
16594
15565
4095
12844
1957
11297
7154
954
572
4618
4085
13187
1734
9108
6345
1089
12708
9817
4651
18847
18862
4589
16472
4652
4217
10414
16875
302
16910
4544
5109
16246
8431
16268
1784
12152
1883
5861
6400
5455
8787
1899
4060
14282
4069
16095
19140
11151
15763
10292
13417
7137
5559
19526
14022
6997
10912
16804
10898
14150
2843
10667
6237
3436
14432
11456
18811
6847
18373
8842
17845
941
15527
12635
2202
3302
14461
9746
18265
168
3277
19283
3833
4697
2326
5512
15395
19145
15783
16987
1882
14144
18624
4031
4296
16346
11788
18685
2747
2112
15341
9228
7407
11528
1711
12146
704
12870
3658
10673
9573
5354
6201
1117
4815
5969
3043
788
2861
13350
18984
4926
3380
12663
12884
12930
1986
9959
8246
10406
2360
14947
8578
9820
10115
11177
6660
19730
15918
16811
2447
8101
5981
5532
17559
204
12406
16201
13012
13211
2941
7720
18196
7760
12259
9345
285
7349
19674
13745
2315
6089
9578
2086
4431
11821
11713
8093
18980
13786
13462
857
7434
3199
1406
5695
15552
624
2614
11652
13879
1333
15267
12496
11677
19301
19220
2865
1347
18167
18053
10543
3343
4699
4289
12265
1227
1780
10336
7102
14236
4676
11366
14518
16791
16327
7631
13304
13205
5604
18687
17855
14626
19942
16426
17534
6006
12156
16785
19622
2257
9611
14810
6950
7047
5004
10261
9743
2343
9504
6637
180
14655
1508
9444
10733
15126
11565
7343
16436
13866
5349
16593
19047
2322
3643
19814
17110
15564
18100
18335
18356
2742
19656
4895
19473
4436
16561
5671
2846
12153
16335
15461
14606
14605
1759
1015
17887
6622
5330
19496
4520
1407
12832
19658
19119
16073
13881
14685
18143
4440
12784
14226
1651
8242
16730
3488
3742
12505
8304
2739
2186
563
18712
11543
6873
15582
8828
18809
61
7865
11292
10313
15033
17417
14546
11365
855
2853
13714
7491
10767
4464
12588
19450
1876
12667
8147
12749
12431
5965
3186
524
9703
7764
7006
12968
12955
15383
12842
730
6081
10452
8723
12199
12503
17632
706
3940
15296
18042
2290
9113
6635
9103
9807
3237
15151
6644
8949
7957
9705
6026
8661
10357
19838
16831
18431
17322
1005
5991
10399
3920
10718
7153
10174
5765
456
16657
18241
15271
12850
3545
5205
8378
482
16006
15369
13632
1058
16760
19703
939
19491
12075
5831
12344
9760
5051
3759
12148
10577
6317
9851
10642
19533
15553
3334
5327
6688
16543
18093
19319
9770
10678
8052
19015
7525
8588
6188
10444
2985
19448
11536
4492
1892
18995
13312
15989
7112
430
12085
12237
5610
7410
17136
15221
1591
19272
16848
17446
3553
13806
14642
7570
11609
984
12287
2149
9225
4944
14419
16956
8755
6598
2823
17
4923
7744
16267
2531
2353
11356
3877
60
13693
239
7537
4859
1503
11783
14753
16874
10660
197
9856
19351
13563
9781
19150
475
395
1568
18667
3367
13625
669
17834
14119
17148
7075
11007
4784
11393
11588
12187
18253
14395
3101
11266
10802
10986
11728
1100
1438
4214
5358
18205
5465
4293
1990
4539
12665
19512
7528
17950
18425
1443
5872
4558
19007
12302
18063
12853
2469
16122
19188
19766
8961
19130
17200
4620
18211
6874
17790
2134
506
9497
11474
15063
5395
8693
14914
14000
17557
10637
11600
14090
5488
4715
15984
15222
13789
15225
7143
8712
9502
15973
15626
389
8681
7091
8646
6700
3341
14503
8574
4905
3443
14441
13886
9931
7756
7955
5893
17806
5086
15233
16705
8379
14342
3847
10868
11636
3282
4115
10328
16413
5343
13429
17858
17093
14779
5642
5396
17317
8333
10938
10858
15424
19213
10663
7298
7282
3838
18482
19470
1288
14525
6810
14746
2623
6898
12189
15058
461
3128
15882
137
15482
17404
14871
11038
6215
5953
15790
1998
8190
13852
5278
5213
19706
1084
19591
4273
15876
10421
2660
15563
7613
5776
4787
6186
10032
11749
16021
11872
1494
12467
7882
977
3446
11939
9740
15268
10123
19740
17455
4422
9440
12623
11754
3623
11439
13908
7681
12584
7309
3041
17699
13132
1103
13498
4720
11037
12776
11789
10413
11137
14989
1815
6646
16363
3476
18514
9731
17413
17859
245
11986
6912
9613
17415
15478
5491
19328
3864
17843
5091
9020
18582
5736
17594
14370
9599
17539
4434
2078
17680
16699
4712
133
18727
3157
4550
16645
17019
7084
3576
12390
15830
17078
15740
4345
14821
18180
15460
16813
15354
14173
4368
888
11863
7094
8229
10822
145
11987
4814
5098
17290
9298
6718
13555
11051
19780
9296
8918
5258
2717
4092
15183
512
9979
5428
3386
12617
5270
1393
15052
10311
8771
19722
152
5443
6698
9678
6137
18844
332
15276
11179
141
11908
3491
885
15390
1461
2328
10069
3745
539
16068
11172
5830
16107
17255
789
2838
17869
3325
1650
4728
14103
18069
15491
4396
10119
10698
5476
11290
653
13435
1369
6695
17664
5572
2433
598
19116
9616
13926
7388
18533
4208
16175
6631
11706
2888
13918
237
11020
6398
10524
10297
17283
8735
3821
12278
4127
9863
13635
14345
16605
7816
12080
12729
2673
7983
11129
17005
19498
2854
2906
10965
4132
13464
8821
3229
14829
4645
7994
7496
11164
16311
17385
4392
8623
2498
5561
8361
6748
3948
7448
3646
17143
16943
13773
11291
252
12292
17916
4529
16041
12447
4357
13090
11305
18158
18364
11218
2373
18551
12938
6942
7586
10273
7672
10585
14514
4597
10362
14889
16147
2719
4429
14745
10429
13577
7732
15857
16916
11354
5522
11219
15521
15690
5870
12922
5029
3273
575
9155
6776
1847
10561
9779
10905
7389
2412
19575
7513
14737
1729
13308
17026
1921
8483
14095
9144
10312
9136
6835
9831
5490
12899
13579
16520
17712
18132
13544
18790
14012
16142
7511
3192
13124
8898
10082
15946
19368
368
16461
5780
6721
4796
687
17079
16117
14080
19268
3870
15054
107
3763
77
10580
6552
11373
2904
7262
9721
5195
19331
15927
6136
7487
7861
10426
1480
10343
8847
7297
4399
5046
11416
14254
12668
10229
12355
18347
9291
10806
2364
18239
17023
11390
6092
18385
12445
4962
15965
1738
16766
11567
5182
18814
12159
4178
9026
19508
19305
2338
1396
4719
17412
5851
12542
12341
10777
3434
7831
15631
7589
9636
6252
11350
7216
11856
18981
17180
17370
6722
8854
13601
18200
1629
7150
9304
10057
17895
16374
988
8238
6413
6182
12835
13485
19018
9371
11203
6638
12652
10355
12524
6793
16639
464
3254
11000
6696
13457
2068
11068
6373
18191
10070
18943
15021
3670
15493
18824
2663
13971
7863
1642
7977
14101
9223
6222
3522
18061
5686
7472
16005
13840
13265
18825
9032
13929
19024
15201
13346
1571
6945
10632
8446
17809
7492
13433
7868
19630
4042
3854
14421
5506
18071
10885
19557
11623
7780
5487
19115
7214
4463
16923
12229
19042
13182
13783
15272
15854
11926
4333
7925
10628
6759
7896
15284
378
18418
13817
18823
12395
19904
9576
4088
955
7880
3136
3641
18891
14840
18782
2781
5171
12367
13832
12597
6893
2103
4312
15431
2610
13293
15307
10374
12432
16297
10105
5216
9801
5363
13319
9908
2166
765
2172
8792
15935
4204
19607
18973
12124
18698
17736
961
18564
10811
6077
17616
11620
10724
10950
15782
9287
640
6603
15735
3781
10151
644
490
1717
5687
9957
15258
3506
18387
1975
16229
12419
17867
5401
16287
9821
12444
16304
16222
17219
2654
19444
18906
8504
6008
4891
17892
17076
3112
10881
5367
12240
10379
9726
17984
6477
2527
206
17731
7648
10697
12313
2464
10502
7930
8096
2135
385
10453
8809
13306
2174
7498
11595
7270
359
16118
13221
9691
10245
7845
5874
11598
10752
973
14874
3564
19394
12916
10177
12885
13397
1661
6296
6692
11141
5256
14449
11689
7458
2130
19528
8652
8126
12262
17956
419
577
19353
12408
1830
13707
8814
6428
3768
10516
2612
17357
16868
18812
6771
1823
3475
8315
3323
12896
424
16062
16794
3318
6199
1353
5000
17969
16496
14901
2097
18341
2069
6840
1682
10707
9727
16194
698
9910
6247
8717
12676
8210
18530
9692
8073
4603
8011
919
6434
15603
5773
8517
17196
4528
850
13227
70
19001
14100
18101
1664
16555
2496
2462
16429
11591
4989
7347
6253
5379
13240
9774
11386
7841
13267
1638
9763
15161
3249
4000
10293
6732
19867
7332
14252
10669
4239
3381
11347
8834
16313
11388
3504
15437
2997
2037
3137
5865
18655
13571
8803
17387
11839
18435
15662
5591
19068
18789
10556
12056
11811
8162
10160
11032
3239
1865
14227
14222
11918
1119
1154
10847
3232
13960
5804
7313
14190
13432
8502
11342
10256
13726
10288
19225
10309
18159
16432
9471
7119
6484
13549
2375
14088
13854
5958
17658
18914
16132
10627
9725
11729
6710
14133
13110
12572
3077
9786
7231
14550
13030
16300
12813
14056
2180
5907
14116
6811
13880
17226
9621
11527
12245
16850
9375
14862
13453
55
16470
2346
14786
4495
17728
3724
17181
2441
19274
13573
16626
17293
17777
5653
4018
11123
1835
13916
12291
18193
15691
16647
1834
15723
19129
19072
17276
14200
10743
18884
3918
10568
449
19690
8955
1627
10876
18479
11988
4537
15391
8131
18412
3720
3683
2314
5563
5111
8748
4218
1755
8605
3808
17029
9755
19833
14787
2818
15010
15481
17187
17325
8562
1766
427
14507
17347
3634
4819
8186
11490
16856
18996
2515
708
9875
2423
5659
16689
3972
585
11711
14256
17581
18289
15230
15449
9712
12672
2994
732
521
11314
19025
2165
8826
19113
8705
9295
6099
9410
1527
19830
19449
17732
16529
1579
5656
9049
19709
2897
4900
3703
7625
1138
14538
5010
15098
9194
12463
5036
12627
19044
7694
12915
4098
16425
16283
11284
16588
370
16141
11282
17578
871
19668
6270
12594
16944
19372
17423
13369
10084
3149
2738
4198
5926
8385
11082
7311
4608
4790
12249
759
7059
10223
3716
18800
8527
10393
1251
742
16103
12781
538
5402
9129
14837
17064
2599
13142
13402
1073
6048
2554
9045
19295
15145
2539
18567
12615
776
1616
8585
11274
13752
2293
3693
15173
9873
3402
4932
6357
13527
18041
7467
3657
8137
7883
14325
15771
12289
18229
3795
12783
5210
12527
17249
17722
10839
18323
4931
16509
6869
2550
14961
18673
2481
508
15757
17785
17821
5820
9681
17363
7404
7342
12782
248
2621
10508
9881
6213
5102
566
10180
12062
13719
4840
7602
2909
8308
15458
12940
11980
15092
18237
5009
16160
6760
9424
10894
11953
12650
17504
7454
15917
16039
8852
15136
17711
11899
14072
17406
255
2652
8779
5296
4248
7935
281
18846
13366
6036
494
10860
15798
6959
6879
16528
6731
9193
16492
17047
14305
9713
1662
5342
12024
16099
19731
19664
3018
7258
4195
1140
1875
3577
15094
5677
7397
268
18547
2431
9556
1440
17254
2478
9403
15727
18138
18025
12700
3371
1885
16585
13499
9273
19662
17612
9320
15613
1564
14263
832
14767
19495
11470
6747
6663
1419
8302
16513
14974
9481
19806
18516
8655
14242
9005
17607
11685
17713
16093
3481
10729
1294
9862
12841
18491
9825
18026
1276
18506
19146
5943
11941
11539
3734
9376
17402
16837
6204
5450
7642
17841
10564
14943
2276
1887
4621
3049
12669
17451
13505
12192
9164
11913
1864
4063
5470
17709
5406
8858
4838
9610
12556
15042
17635
14137
1595
14126
2269
2992
3159
17650
12502
4282
900
14960
13658
8537
17624
9109
9148
8416
1464
8555
8631
5664
4005
14243
9130
15417
4479
17010
3299
2365
8156
1351
18974
17083
7337
16252
12764
15842
231
7463
10586
13582
1604
13838
16819
15775
214
1519
1512
3662
19543
11206
14705
6466
10930
13812
1714
19804
9107
14353
12941
14547
17837
15207
17694
9517
1427
1856
8766
4803
15204
10582
12762
11895
7299
6329
18480
10021
18630
18584
6083
17307
11337
6608
16508
13541
8819
3129
13188
12535
382
17234
7844
13483
2608
12822
1769
14553
19636
586
8513
9357
2289
18677
4809
4478
17507
11671
5295
7315
13406
17644
18386
4222
1130
8914
18997
2601
5745
14791
12333
1771
9819
13572
9167
11622
89
6642
4379
12188
17745
6064
17173
15446
2371
16237
12521
6207
3370
19422
15406
15495
5259
5045
8963
14068
8441
8266
6913
2834
261
13750
13347
5838
6617
11320
15305
14959
8485
6836
7791
18792
2034
17476
10958
10610
9211
14154
3181
7840
19464
87
8525
13071
7485
10275
18510
5431
13495
19031
15280
7351
13412
9783
11273
12041
1061
3526
4496
16745
7944
18007
9307
5434
17621
16735
16435
15921
13456
4096
4725
7850
9724
9141
14998
8457
13995
13152
15729
15218
16197
16950
2161
14832
12561
12933
16510
11858
1831
18877
16953
16565
16329
8970
19291
3216
19102
9844
15640
2821
16248
19367
2691
11781
16896
19404
10972
12013
13244
6553
3360
2284
3060
6998
3620
7431
10970
4039
19811
384
16280
14422
7233
8676
11829
18087
7898
11117
11869
10339
9064
15245
15510
15923
16113
14143
4126
6018
2591
6567
7938
5001
19028
10731
14497
1820
10514
9660
11077
16490
3275
7871
18920
3733
14515
12856
12739
19588
9010
6265
1380
5931
9935
1479
15673
14615
17165
14039
17020
6897
1577
12279
9224
11633
10956
19169
16724
2499
12381
2383
3667
12208
13814
4442
12123
10664
18380
9963
7260
15677
4667
9914
8870
3610
18626
18635
8863
16253
19063
6103
344
4342
15719
227
2998
18183
9156
5115
2334
17575
18294
4563
2638
10454
6330
7292
6183
11611
3674
8192
17599
489
5639
3047
11404
6248
1303
9569
6951
13161
17602
5066
9235
16255
2586
4836
17997
12181
11813
4968
8290
3661
10773
3519
3984
16063
10954
11357
18179
19427
15657
6782
7008
9484
17540
667
11487
9052
8551
12122
8311
11056
11213
19101
7209
13164
3349
15099
6185
243
18210
14531
16830
81
9842
18460
12168
7056
5918
7204
15605
10728
6288
8025
12621
11766
16357
11231
7246
3682
17988
5527
14177
3793
15663
5387
6197
1167
5529
6452
11134
12174
14667
10608
2169
19486
12136
10827
3527
17149
2286
17086
2957
7776
4245
2327
7927
2193
9491
19212
2733
12828
12443
15378
1935
6138
18882
16309
498
8936
5238
19446
520
1800
17460
15159
5847
18397
15819
6972
7037
9526
1468
10780
19757
1637
12011
6352
15800
7577
587
15678
12706
17931
9340
10521
15733
12628
2473
11997
8275
13166
6295
600
12128
16757
6914
6114
1868
13863
7627
17166
19532
6088
13888
16973
16450
6657
4223
4120
4714
16322
6481
10819
5288
321
3024
684
2784
3890
3934
19074
18213
16749
6022
2456
18065
13173
14413
5968
5609
4580
279
6359
9442
15562
1108
2152
19981
16891
1287
13949
1767
16632
630
18321
5898
6057
13772
9651
19574
3815
12626
2006
3459
8374
19859
19581
4309
9021
8443
9139
9112
12029
12112
2146
14797
2880
5993
16770
13787
18272
3659
18576
2636
7016
11916
17952
17861
3359
10814
8878
1795
5833
8884
4247
6707
13546
13002
16638
7045
7211
19858
487
6592
18756
17657
1321
369
16545
14864
1134
11264
15116
18552
11130
4390
16846
3528
3113
16031
10147
6806
6673
18392
19465
7382
1211
14730
3761
19556
13017
18450
13643
8167
5746
11855
11260
14061
6910
7734
13095
14632
15781
6287
6435
388
5767
15017
1160
11299
13136
16150
17044
1470
12541
9166
10945
1242
178
12479
10992
9628
15664
1345
557
4549
15365
5683
9436
8084
13684
17721
15982
13835
1422
15299
11434
19623
1763
799
17857
16595
5562
3098
3209
8641
13903
1952
19667
6516
126
6294
6645
19325
16858
2882
11184
15909
17045
6260
10103
9928
18243
15971
18960
6023
8140
13977
3777
4021
19723
3385
11332
7331
8794
9124
14992
6155
15891
2692
13431
2816
8592
11847
16658
10316
19030
1572
2101
809
12252
14051
10500
3259
12416
19381
9241
10991
2325
5751
275
13639
13034
4929
8040
7060
15515
14026
11229
11999
10477
14558
783
11838
15621
4254
13797
8413
6887
3787
5632
4186
10015
7
9256
6308
1732
9909
7649
17229
5257
19434
9672
931
4775
15436
16340
3327
1715
13965
7163
17061
9275
6209
8033
2576
18284
11325
4816
4189
17836
7220
5121
16047
4595
13988
14697
12645
12918
8435
8753
191
3364
13311
3088
6129
9417
8667
17039
4975
14025
9176
12077
9698
13694
6414
910
18750
18501
18681
15600
3124
8185
8329
460
4664
16320
3601
8988
5768
13819
11140
9283
19239
1458
8775
1501
17198
2662
1450
25
5027
13731
7321
1777
9299
17188
11646
924
5894
15847
14167
5331
3006
19564
2686
6831
2388
11258
11250
6150
4403
15706
5723
5754
18169
11083
10488
8477
7568
8154
13974
19414
527
10446
19536
3595
5049
811
8076
14649
3451
6474
13503
11771
6716
933
17350
17870
9476
10573
2852
9200
7583
7330
652
10978
5813
4911
18569
19640
4561
14170
8864
2945
9204
4276
12816
8270
16065
5412
7346
11717
18583
69
9018
10188
4156
603
11212
13074
11945
10745
14845
2728
10381
10376
9668
12786
16633
16547
11575
13943
16167
11942
4817
1730
3638
17113
19066
12983
14913
2790
17626
6648
8207
6035
9081
19017
13411
10971
13946
7203
10503
8976
7700
10400
18662
14985
5781
4078
606
12812
6004
478
3694
19948
6853
1173
4628
14882
6454
11506
10820
3376
8200
642
12191
1561
13514
12796
11394
7593
14707
16964
16972
13175
16966
19822
716
6678
15096
8476
5198
3840
16481
1476
679
9741
12230
10909
11066
12157
5796
13359
14736
1186
19154
10941
1796
17360
12583
1387
2507
4650
15958
7800
14029
10118
14219
14357
11841
11993
17646
9165
13770
6794
13452
19493
17225
19216
10711
5857
9663
16026
19356
5967
13976
5764
19984
12582
18445
13455
2827
11462
13349
12701
16574
10024
17942
3600
14091
10645
2319
12335
2414
11852
18123
4592
5944
16704
13035
1702
13159
6780
9890
12694
179
18383
8307
7524
14097
904
15820
2262
11168
9882
7913
14281
16156
14922
14982
2416
15702
13315
17450
10670
4229
18142
17831
914
12805
8737
1019
17818
7058
1889
1530
2667
16293
2450
3230
10939
16562
1719
1185
18478
6157
5482
18515
16603
10062
15070
12715
9041
4077
12811
8835
6892
12670
7247
12489
5867
3599
1690
15306
12484
8557
76
8425
5301
18203
6693
6928
16213
13587
782
12745
12318
9693
2376
19982
1055
3752
4285
1844
6711
18512
5822
10042
9453
5160
6822
10766
17237
11617
19180
797
5605
4661
12728
18739
14230
14720
7630
10741
18957
12357
1449
2700
17176
18326
9271
4286
19365
1327
2626
1312
18033
7712
10635
14136
12771
8078
18931
8943
2506
13065
6885
9247
13515
12295
3975
10222
19812
12737
4822
18010
17652
12059
2780
13550
19660
3962
19246
8082
16615
11144
5749
14807
16025
16608
4516
13911
5995
15177
6292
13208
15787
7327
13434
8990
12273
12301
17150
6381
9029
12802
10817
19247
13968
1481
18821
16569
9876
13768
11310
7193
4216
16054
5680
14064
4426
265
4421
2104
8572
7937
14185
15217
17972
12461
7822
18873
17511
13605
23
13482
4251
8920
17953
18417
7765
16487
2605
10852
792
5685
12878
3573
9666
14464
7026
11950
13181
8857
5104
11643
10348
13537
4224
764
9633
831
19460
18441
13940
13540
2524
19416
11936
5940
4632
3037
19065
6368
10425
4982
569
13622
11890
1232
6585
113
2147
4076
2183
5063
8512
9104
2321
13725
17536
4552
13808
15236
1195
5076
10113
6203
544
3536
11710
18278
11281
13282
13163
15561
11047
5103
2540
4949
11556
17903
5158
1647
11670
930
5223
8975
10797
15636
6093
18040
14197
7838
10411
13844
11922
756
12657
2899
13763
17754
13664
3466
16623
8409
14246
2200
18134
17479
4532
16660
9554
17488
1006
15393
15111
19937
15836
4024
14870
4371
14098
15796
14749
15179
9076
8543
19893
16692
1491
12895
14910
17753
10127
4514
15199
1515
19285
6101
14740
8421
14912
3806
18742
11763
7032
14287
10427
17976
3500
17811
18994
12068
8174
15753
17675
10916
11132
13460
7956
10112
5388
6332
142
8417
1132
11115
18182
17222
18879
3844
15996
1624
3905
4951
4446
12257
668
6367
9451
14378
4184
10270
7992
10878
10267
4858
19415
17561
18020
12586
9641
16336
5230
9929
401
18175
10205
6684
5633
17590
8967
17340
14549
11494
7986
16879
2675
19772
19316
11547
6687
5374
17245
10750
5727
9933
2283
4324
15040
5273
10298
15667
584
19729
1924
8947
4674
10920
17130
4236
6319
14304
4234
12674
17813
16004
13608
6227
14284
17324
17944
2118
19611
11009
19928
12836
4884
15999
14099
15226
13665
9230
1573
6060
6730
17037
2703
16298
16988
5123
623
10686
5875
9091
12140
8837
11638
335
6667
360
14300
212
6371
12453
9771
18059
14223
13390
10375
13815
2939
1522
17614
10598
12184
13818
17103
11619
22
5290
18888
19223
6572
19237
18828
7170
2735
4958
4457
13764
16662
17161
5793
13652
4598
2646
12182
19233
5770
11798
13882
15468
3210
18793
15966
14462
2711
13913
613
8429
7348
13400
6499
16628
16922
9900
15302
7623
8657
4099
17819
8656
9555
13921
1679
4630
11367
6936
1590
12565
16939
16199
18452
16133
12633
10694
19168
10837
19343
19350
18694
5750
14926
2669
8071
12575
5177
10163
12788
711
1457
7175
19207
11758
18691
7079
17177
995
7107
6703
2344
13877
4188
18125
9767
8496
4741
12394
11116
48
5473
5747
405
1459
1694
8899
14927
13259
9425
2629
6445
7194
4879
8035
5688
2261
3803
7922
2428
306
8134
6931
18917
17144
16884
16392
17962
8699
7017
1648
5814
15875
17416
7358
6303
16350
5497
3010
10700
15292
2746
10942
10999
8418
19107
15859
8433
16100
1914
6586
14820
4219
10571
17009
19578
3699
17498
812
2706
18946
6119
11344
8715
12661
16402
19727
19732
16629
10975
7306
8836
13374
14341
9586
3103
12101
14952
5557
13331
9002
2820
13070
452
2341
14073
3454
11915
12103
18700
19477
3463
4913
15358
5597
11155
8016
83
17231
10882
8749
10249
1305
8532
10892
5980
8405
15503
2584
14314
14334
12380
10254
7380
11970
8547
10794
14958
15074
8653
7430
9413
13338
12049
14984
17501
1958
18436
1215
3859
19750
7962
10221
10747
6681
15205
19748
4985
12509
18534
9284
2345
19972
16932
16444
550
8958
17642
9135
3407
1789
10638
9516
3949
2207
10412
17243
7376
19364
11905
4878
7368
10778
17105
18209
8077
4494
7444
18724
19358
2523
18795
6679
11094
4108
11549
13303
12488
16240
11143
874
346
934
19839
8261
18581
1187
5699
8320
16815
12619
18270
6324
16880
10756
3603
13069
4928
4604
18832
17084
5613
5580
17028
10890
24
17547
2059
16014
387
6533
18857
10483
1161
3530
9855
6194
4049
2875
10055
2627
12601
278
15026
9311
6625
5955
4587
6502
12086
1048
17692
7895
13994
13759
13923
19205
8127
3091
17524
7920
7795
10308
19744
14601
10390
5799
2139
17169
7165
6333
16500
844
18060
11967
12897
10599
12185
8034
4241
10363
15146
5951
2577
8358
5140
2336
7054
10329
11103
7723
446
12714
19240
19429
1342
16539
808
14587
6446
18998
14693
861
12942
8530
9011
4904
18871
589
3348
14537
18562
8337
670
14624
15009
7318
12478
4906
2521
16343
2665
15533
18989
10519
18965
7013
16260
10625
14620
11861
16712
9973
7024
16128
16552
2303
2661
266
226
10900
9785
15887
19254
13274
2766
10290
529
15591
9226
14159
10984
7646
7098
10424
11081
8994
10755
714
11934
4523
6884
11579
10144
12610
2017
14494
5231
848
10211
17174
4047
6578
5590
17343
16242
10138
17312
19380
15808
17638
6962
15351
408
1746
8522
10206
383
4074
4568
19789
12497
3174
16703
5667
1040
5220
6122
3444
12186
15756
18658
13068
9597
13754
18276
4733
6403
15687
19946
11256
10213
1628
6501
16518
19866
139
5101
16045
4782
9408
14614
5858
15163
3822
484
18016
13040
2920
17400
8952
16905
14676
11303
13097
12053
4137
4866
3152
10439
17554
19955
4835
18663
7440
16407
17743
18703
8540
2580
778
10988
18936
19626
17543
13865
6832
14894
18926
3204
17588
9430
2013
4521
13043
10589
6354
18271
7761
19194
5769
14643
11186
2670
3355
17849
6802
19419
17601
10098
15774
9050
14067
14539
3081
8285
18332
12253
16890
1145
18720
10775
2514
12740
8570
6745
224
11691
5899
13517
3648
12220
14700
18407
10474
16792
6812
7271
8579
15361
2883
4839
7436
5925
18886
10714
4559
14270
11010
3633
12865
18607
2437
396
5262
9996
660
3243
4199
7381
5779
1764
8618
9317
13313
13370
741
10383
19786
2856
5862
6600
2561
3758
2123
19002
8402
4974
16611
10915
19621
13917
1619
12992
442
3227
16234
5766
7745
3778
10997
9043
19085
5436
4020
19171
15953
9446
350
15400
12559
11090
2893
9775
7439
355
15632
16925
15750
16465
5627
4605
5088
10982
19943
1781
14963
19424
4555
8393
15519
6699
4658
16341
1221
9761
16902
6079
9751
19990
3797
9009
19061
9269
7514
11270
11514
11304
12770
8581
12198
342
18427
12232
8317
1626
16878
18577
6683
4145
18067
8613
9411
6451
12925
18055
12096
6326
15824
11355
638
10110
2844
6999
18139
9189
16259
7361
4534
15812
4124
5255
36
4755
6954
14680
2439
5139
295
19551
11349
16069
17031
2851
122
4850
9559
17949
1802
7420
11960
4684
18697
9994
17217
12370
16709
5081
19488
13143
12999
15337
11451
2443
8023
7413
1412
1080
18716
14290
8256
1597
11276
8786
9279
12613
18992
18845
9067
11678
16089
228
10844
17435
15130
7958
2217
18808
1565
1362
10371
6742
11122
14711
5227
5073
6112
14976
16214
1660
4883
5748
2016
12546
9742
7887
6465
7517
2650
7419
5369
2919
2008
7547
12698
12009
10759
18000
5625
12924
16807
3959
13837
434
17759
6284
5690
220
19255
3256
8780
4756
8694
5359
629
16622
12666
724
6301
2306
13845
10200
300
31
13083
2685
13391
2424
7852
19704
9022
17993
7470
8347
9182
5113
458
5190
7011
9218
5393
5284
7338
3297
553
1035
2520
1289
3880
9867
5706
3260
19034
2451
1665
2401
10471
11368
15027
9596
3909
18963
1985
4808
9750
12997
14479
7328
4444
19093
1261
10092
8288
1478
10588
5547
12643
18277
7493
6012
18692
10522
8445
17117
12072
15386
18757
12603
8168
8199
14590
18146
9306
5448
1671
10053
17516
11564
17934
16091
8769
3849
2263
5333
2060
8831
19026
1496
3537
6113
8423
1350
1615
15364
13146
9433
4350
9762
3915
8158
19378
4594
8820
15575
354
4380
18490
17329
3479
14339
651
4339
3226
11544
2357
3684
16243
3650
15585
11969
1472
4058
11768
6846
13373
11933
2769
5651
9126
18459
8293
909
19103
2546
14408
18157
18267
3823
19374
13536
4109
11896
2449
7068
10550
917
12978
11817
13277
1016
17421
8736
5399
2287
12425
11630
4657
9924
4033
16035
15257
6729
203
1925
14592
11569
8367
14806
16057
18401
12393
10388
4746
15807
7875
10356
3340
5348
13659
19697
8894
2782
11669
9305
18762
12464
6415
4369
17131
14128
9689
10195
18420
19440
7081
5554
1430
13207
6180
18345
19702
7353
772
13021
4952
10299
3146
18682
8937
7970
8807
5539
13769
16507
13828
15420
10491
2723
12412
5954
15290
5979
15852
16473
4524
3534
2581
19048
13584
18941
13376
11700
3874
6570
9920
11154
11770
14618
3850
15171
3978
12434
17493
18426
12078
5816
8004
9846
19193
659
6205
15651
12317
16285
12723
5712
11800
13491
8169
9268
3578
5535
8593
3482
19895
12
5409
14505
18526
4343
13403
7177
17804
19373
2898
9765
19875
1695
13174
104
4992
16882
2445
13296
16360
10621
1493
8675
1646
4554
1745
11163
18645
7946
13530
2551
4843
1635
11046
9231
18389
2918
12680
7164
1973
19665
9384
14131
7713
469
13420
3910
14178
11584
14671
9383
2108
16607
17684
15539
13771
14458
16551
515
11146
13668
10613
14102
762
14023
17800
1065
15741
10793
7675
5326
151
6015
1070
5421
19492
8153
13889
240
8492
1688
7090
11166
5002
9216
7242
2622
14981
6160
15370
11121
17344
19
6169
15463
8258
19735
13122
17459
6174
15231
18919
8400
798
19252
15524
18855
14824
6259
1492
3057
4034
2003
15321
19178
18922
14917
7904
14414
729
7902
6272
15170
13356
9421
16380
733
3169
18591
12057
1917
9953
666
14052
9971
16995
16957
15440
18032
2819
9037
14210
1467
11159
3000
5846
13290
6393
2007
14009
9904
7022
9532
2777
18617
6665
18611
19938
18565
10787
5837
2962
5120
12684
3743
8704
7426
15604
9341
2709
4972
12956
611
16278
7149
5647
15942
7125
14929
13048
6151
3173
3757
9815
17697
12058
1169
19886
13131
1253
16984
937
18918
7657
11479
18437
5438
5031
9543
15850
1712
5661
19111
16318
13177
1389
5252
2824
18299
16299
19885
18230
10108
7161
15496
10342
18444
1918
655
18794
12261
15799
4853
7005
15546
10926
9412
14329
6576
3170
1828
16324
18896
15160
12142
15551
4635
8170
12909
19741
5794
19125
14182
14235
14621
18839
631
13473
16778
3028
5696
7715
1291
18207
7817
6238
16869
3980
1857
3586
15644
10692
6453
9441
19648
7886
8264
16398
18619
15153
4081
16849
9138
16431
10760
14541
18764
7148
19313
15486
17613
14117
12090
6935
17256
18603
463
13699
9300
15792
4834
14476
3045
15910
16018
13261
16982
13245
8475
9733
8859
7785
6342
7159
467
16940
16809
5116
5461
19960
18046
15011
11326
17905
9568
15166
6159
17948
267
1994
19927
7876
3099
7793
15785
12516
14082
754
13028
15937
8091
16682
15964
9592
16003
6830
13112
2900
16254
11819
8132
16075
9859
11227
3604
1860
11635
16101
15536
194
11935
18524
9736
14294
3721
1640
8805
6191
10592
19342
9301
3031
16408
13841
10027
3986
10922
9631
15434
11244
6980
966
11336
7185
14578
5294
3669
17846
7654
1663
5291
13137
893
17780
10734
5153
4852
18930
16554
5215
10141
1938
11
863
7021
2053
19555
13683
7277
14134
17741
9385
12563
2254
2288
3931
4829
886
9086
19988
15572
4832
13104
8866
19445
880
3774
171
3338
3383
13774
5509
10818
14719
16550
6960
10049
3194
18956
6412
8100
16189
18907
6396
19522
3055
12814
12904
8941
17704
1681
1199
315
8247
2721
17695
7717
12280
16860
2881
9687
19469
6418
9594
2863
7812
3189
3474
1231
17432
14142
699
15669
8770
16384
16200
7464
16936
10169
9640
19035
19062
3333
15703
10906
7051
18027
5164
2615
6245
12773
14229
12724
276
17185
3358
8559
9288
10360
5934
9272
7659
862
16601
3493
9246
921
2310
940
8738
15658
18145
5373
16139
3027
18948
19462
12293
3317
4346
13655
9046
16390
6257
14825
4683
16808
14447
9487
8183
13706
15402
1866
2560
10679
561
3907
7499
15422
10302
3263
3369
1031
9549
8580
1507
19631
19880
10925
5221
3723
11359
15313
13354
7285
6031
18045
5050
18057
14925
8678
13559
11875
12987
15200
8013
15967
8948
9309
17375
16344
15032
19762
4166
7670
8978
13044
19082
2913
12366
18560
13444
6013
16373
9899
1881
1029
1586
8202
15829
10861
6056
4641
11391
10857
11392
5162
5890
7181
11190
16174
9473
10337
1783
2049
2279
7479
10096
8747
10655
4525
9978
13022
19452
12845
7320
19965
18787
12954
9119
7224
19108
2337
18929
1706
5365
632
10537
16799
217
3433
12405
14470
15168
5564
13612
19453
14306
9449
13297
8730
13842
4542
16700
2039
3361
4437
17209
19826
10552
5107
9175
7370
16506
7978
16586
16677
15679
18799
8742
17959
46
17452
15285
648
12070
618
12821
7906
5456
13590
4649
12339
4609
3148
6955
6399
3555
7255
12210
2617
14891
3276
14951
8635
17332
5350
4802
7674
10506
867
1521
9262
920
9896
18258
18959
15192
1249
16764
7481
15085
6346
1357
17434
9285
4999
1718
6987
5013
4806
3665
1808
18859
6351
4026
6984
14320
19747
18615
1773
15709
13744
4258
19020
6124
19516
5790
7497
7877
14988
14764
19282
1525
9835
6462
4515
12481
12322
12320
13231
16493
12600
2568
5602
11692
16499
2841
16945
7701
10271
17390
10544
4794
4863
18684
9500
1504
3396
15878
2355
7169
19560
14523
12892
19340
13273
3175
439
2497
13890
16536
11035
11331
18938
8414
3196
5186
11280
1556
11808
15198
3818
8114
13623
12016
2048
11587
12400
13875
9253
12391
15791
6311
14818
11529
15694
15211
1683
4405
6306
6774
10386
8909
2281
18103
12839
4730
7109
6234
15083
3837
1928
5317
8099
15805
98
7826
14522
643
13578
12283
12818
4468
3207
3879
13513
2995
14681
10170
15164
8452
3193
15132
6221
829
1950
5018
15403
10492
11904
5011
5352
13394
6433
10052
4173
13820
3460
19190
4432
19232
18841
15239
763
10237
17481
16931
8868
17639
11471
6746
19475
9469
9702
2010
4675
16410
4277
11088
10784
6422
18676
17651
9439
14198
4445
19396
43
12511
3458
11573
2664
11483
7523
1334
5251
17957
7482
18234
17300
6826
5848
10208
12450
7385
12089
6785
17154
8211
18121
13186
4061
2339
3171
10085
17977
14456
5189
18185
6095
11053
13936
15122
5536
13226
13551
5910
319
16249
7678
7726
1980
2129
8106
7375
5708
3390
8221
972
13776
3832
8830
13253
18102
14328
466
16173
7352
11878
13115
16012
14069
8233
17917
17597
18395
4164
5289
9027
14192
4455
17595
6865
5417
7614
10810
1348
7622
1431
15344
2182
18527
1071
18631
3485
7085
6120
6285
7993
2125
15451
19739
16907
3200
5911
2702
6047
8627
10007
418
9805
8323
1937
14892
2397
6779
588
11891
2564
3289
6263
5420
15769
6900
1747
9615
19979
11792
3373
6190
495
52
4785
767
17366
6752
2935
582
10410
15845
12171
16421
7023
11461
5573
19390
11306
9177
6566
19513
17637
5471
3472
10690
10966
10911
17490
13686
3809
5757
10083
4771
17202
15930
13395
17874
13509
18376
13552
13989
16090
10172
13
13569
12790
15596
8659
9872
8564
1943
14397
19124
15298
16817
19137
103
17930
3035
5744
1723
9133
15454
11247
13748
3754
4695
10681
1945
7866
15494
7115
9601
3218
8017
19355
3498
18878
14710
7000
6170
5588
18028
3011
9837
7628
12975
5598
15082
1014
8369
6297
3439
17688
1538
4893
13896
10481
19306
311
379
3848
7501
9509
5203
15858
13581
13091
7195
13026
19728
392
5199
15274
11426
8175
1310
4564
10451
17689
9277
8439
11796
19442
11096
3253
4600
7050
13733
6340
457
13218
17155
6723
4948
473
16024
2489
7724
14598
13481
9251
8624
14813
9400
10675
17214
7885
11888
945
16111
12100
18606
19521
11780
12067
12675
10779
11948
5579
11851
18365
15490
7363
7443
11362
3993
870
2791
11752
16231
10013
8370
11360
15049
5566
17889
16404
4030
8021
4117
4945
16468
2011
9676
5784
2486
12515
12452
19334
6410
4227
11608
326
17367
3470
13213
13470
1111
10921
11120
513
18736
1338
4025
3903
12118
17321
7128
18905
16399
3306
249
7771
9527
1336
5738
14201
7427
3339
8795
13047
9951
371
925
14996
10629
14139
9794
10510
5
3507
3083
15670
18749
3471
881
9980
10171
1364
6328
12602
9461
6546
3164
15309
7415
16800
12436
13041
12474
9184
749
7096
3789
1401
9974
11286
14863
11025
18993
12106
8299
2323
4870
16010
14237
12319
2312
11760
19589
4400
14371
17802
128
5819
12385
8232
3285
1485
13358
3542
10242
19485
12859
14412
9117
14756
5043
718
19764
11510
1306
1096
2046
13717
13396
16365
4978
5047
12979
4449
14346
7718
9753
18322
1984
12349
6838
11607
12216
3951
11133
17509
2299
11944
14373
14070
10836
10863
852
11850
14940
4382
14852
4474
14857
18976
4427
9007
7585
14436
10795
13594
10378
927
19677
6479
15699
16716
18522
5306
15985
11824
17006
5626
12266
7001
16648
10234
14499
13287
6539
10593
14931
8939
5337
14776
4737
2212
18637
10372
2936
9624
17277
7012
5403
5927
18064
8612
12079
18540
5026
9258
18476
11803
12727
10148
9358
6406
1466
12311
6007
16522
7483
10739
12533
1177
17529
6577
8695
10255
19209
17175
11465
7447
14289
9397
6654
1500
1439
14941
14761
12767
15175
5044
504
700
18238
5397
18594
958
8007
12894
13085
15608
16530
18282
16582
5128
12958
14228
327
10634
14260
5753
3190
9749
2964
2477
1968
2890
8280
6511
8515
8328
10735
13557
5322
5024
11673
11438
7162
18595
7422
13979
7373
3119
1050
14171
8282
12352
10244
10099
18172
16844
5368
19016
10693
9255
10617
4980
17279
17852
6733
17556
9941
13419
13340
9548
10440
7695
14084
3557
17000
12387
1046
2081
4142
18500
12117
18966
2937
11022
8732
3344
11493
19889
13410
5427
15804
6909
8360
596
6460
1641
10225
18542
19326
11240
5621
421
5941
3804
1580
5972
8173
13548
19883
16464
2908
14819
13677
14017
19050
5658
18181
12654
4281
10019
14468
5494
2849
6641
14577
12221
17766
5996
7731
11834
163
7796
18413
4308
17961
375
12881
8507
5012
8222
9824
6821
3996
6405
8739
15693
1314
896
16479
4669
7982
17048
6866
17784
4153
18446
7130
17606
6175
17513
6597
10467
11220
18398
8298
6086
6096
17430
2921
493
15077
2150
11057
13945
5914
2892
12982
14814
1744
18122
6614
10090
2162
2522
5486
8366
17179
14211
2793
17851
13333
11871
15138
4889
13372
13853
13860
10843
17854
5510
8301
14478
13285
14482
5114
19309
16146
2453
13474
1499
11156
14556
17531
14519
5245
6034
4486
19767
19783
19039
11996
3547
18088
8194
10985
2090
12882
963
10224
3810
8501
11418
12458
19911
5595
5741
3769
9233
12921
3968
9482
13436
4988
8461
4262
1390
3976
10705
5117
15377
2556
3352
4334
10666
3
5366
5300
9521
11079
692
13428
15583
901
19019
5065
17315
14724
3269
15835
10746
5323
14417
7633
4973
336
5844
10644
1170
10202
16477
2253
4886
1951
19919
16079
16938
16440
13309
1042
6084
12957
10947
8181
16105
2420
13113
19304
10515
13204
18927
7367
17295
19070
18678
2982
12386
7401
10435
4170
84
15056
13831
10011
19347
12519
2243
1625
2335
9739
9987
10943
2054
12490
10899
16810
13141
11605
6581
12707
18771
10428
14930
1153
6798
12091
14406
17933
12167
16797
10153
7661
18197
11894
4167
10394
4680
13228
5815
3836
1036
17489
18537
19552
9891
82
4877
11656
19562
14454
4310
17326
6766
9626
13937
6146
18776
19777
1358
16385
7280
4180
5372
13793
5873
13377
17341
13219
14604
8054
15269
5145
6569
11369
14521
18400
11505
13506
11862
17872
13591
11804
622
2170
5253
4404
7741
8067
10584
546
3107
19671
17466
10129
14826
5710
16706
14594
7303
11436
10977
4701
14843
3936
13867
4203
3223
18035
18402
7289
19751
15428
6508
16362
1620
5445
15739
16761
7294
18168
8239
628
11338
19037
14695
11812
16599
8853
1741
5525
11594
18254
18424
9888
18979
324
3065
12683
14783
6855
697
6888
11208
13912
19710
14278
1331
744
18633
8055
18497
10722
16263
14424
15778
619
10575
2167
7569
3540
4452
2145
3104
19827
2485
11496
18325
11833
7369
13788
5917
5375
6719
13766
4057
3195
18306
13004
11198
17328
18300
7539
5424
18171
19389
5756
393
3985
6107
16793
19877
16386
6926
17805
9070
5351
4013
11036
626
188
1037
8797
11820
7559
17965
2996
868
7768
4685
3801
9754
17320
9620
5479
12753
19694
7999
6382
14712
18598
5152
5570
536
7308
16698
14968
9541
5472
13153
6278
3452
492
7009
1018
2203
6421
17678
19603
7552
15118
3447
15784
7789
15259
17208
15289
7377
18115
16454
6981
6440
2093
19078
17401
3647
6708
10089
13322
2951
14616
8407
18953
1121
19151
8231
18912
17519
15124
6517
17233
10469
10352
2938
9558
11102
6532
8521
14074
2876
8045
3735
1281
14214
15977
9932
18535
1709
13212
14075
4629
19352
16887
19874
205
1969
13637
11211
4984
501
12893
7907
1263
883
8996
19870
12798
5860
6658
7634
18686
11468
7133
18024
14585
5477
15569
879
7036
3696
15614
17399
7541
8674
11835
2594
9897
8877
3449
1898
5933
11530
2226
7611
2563
11074
10433
9501
11335
11917
12851
14744
11175
11485
5125
4997
10450
16773
6839
1752
9409
13016
1270
10639
5662
873
18770
3208
9991
16663
16727
10551
16060
1524
4934
9459
18047
12329
13165
13592
15979
10955
16215
10419
12196
10717
18078
4387
1756
5414
12042
16315
9448
7949
13260
10523
12402
10684
14555
7212
7147
6322
17591
14396
13663
2136
6705
12868
3714
7144
6871
11400
5112
7167
13972
4097
3051
14386
12554
3457
12808
17518
4443
480
5240
17941
13178
1739
18336
10927
15435
15421
19318
7979
17550
5085
3772
13223
5526
18128
6471
3117
15863
9331
7564
2697
2502
6416
1816
8881
11315
13318
12920
6689
6994
12154
11044
4260
12107
3337
2333
7189
726
3945
4954
5064
5694
18051
12129
4503
16179
9795
14861
2268
9619
8164
13698
787
11364
6085
16734
10370
16433
6956
17558
6513
4348
3425
16422
2886
1987
6978
8871
13914
11773
16686
18430
8848
15913
12491
4304
4927
6495
17966
15240
11866
533
12222
11040
14055
9562
1678
3762
18447
14430
14975
19155
5496
6804
3952
18646
10028
7078
11857
6417
13364
4795
19816
6989
13870
1740
9803
18869
12035
10473
13151
8331
13792
3652
14800
5501
10026
12514
12331
16989
10727
12605
15544
13967
5460
7643
7855
17002
5673
15947
16969
7636
13072
6176
14741
8018
16289
14160
8658
14058
1908
11085
19523
8214
15346
6824
7782
597
17114
6795
11449
11937
8500
8044
12487
18227
17051
3598
17998
14651
4627
16055
12214
10219
16204
1708
3957
12418
15716
16219
10257
19187
5663
1797
9418
5087
5908
7839
3450
7644
10498
14477
18853
14781
19156
13729
15019
1375
10441
12460
8382
942
10946
7989
250
663
15675
8389
15243
7779
770
7312
7477
18897
14018
3158
16227
18570
14999
15381
3546
4119
14450
534
8399
16485
9523
9044
5442
2300
5071
11907
4073
18274
796
5989
7947
6459
16806
5514
19553
7215
12838
15692
5005
10422
11150
4739
4691
14426
12426
3570
6312
1477
18266
8823
4410
16656
15772
97
8150
17040
16187
751
4391
14275
117
6944
18939
6053
17496
10828
19545
12989
14770
1791
13672
13934
19197
2912
11667
3440
11293
9242
846
19933
4347
1057
5378
8986
18390
13602
1125
10484
10871
4499
12567
19844
16377
18434
14529
7597
19565
2153
1361
6262
6894
3387
17801
4971
7976
9758
432
2696
16466
11307
17826
7083
6117
6098
18377
1685
14046
4711
4366
14848
4373
8111
15948
9930
4418
17693
5058
19264
8049
2222
17458
7274
9243
12326
4717
18715
12050
9428
4812
13593
1983
3829
15152
8083
14721
18496
9171
6376
4292
9368
5480
14572
14918
5275
11615
7584
6404
14573
6100
10186
15710
10253
10354
6916
17878
483
18457
18217
9995
3914
5446
949
12141
14722
11239
540
12981
918
12522
11254
16397
3710
16812
10973
8726
10031
2256
10845
16592
13951
3240
16862
5923
10949
11558
12699
4176
2191
1977
17729
13636
5818
19646
11399
11195
13959
5033
13847
12407
14804
57
10367
13032
18489
17492
4287
12001
10601
1566
18287
3456
17369
13767
18714
15113
6282
18070
10995
14938
2405
155
9893
7156
15147
2224
13233
7918
19472
6941
6125
6286
17687
13082
7424
13363
7754
3726
4936
9943
6702
11923
13705
12725
511
15595
10341
12658
14360
4067
4504
18455
3393
10501
5841
16482
7206
6781
3272
1206
18477
1264
18778
12571
19968
6549
11112
5305
17758
12131
2845
7563
9694
5714
10616
8528
15489
7762
1583
11420
17792
2973
3852
10475
5812
4319
4424
14166
6439
6028
15214
16854
990
11450
14050
3201
331
4279
7620
19691
9508
11674
9221
6540
834
4736
6715
5921
12178
11574
18382
19964
16441
17374
8456
17603
4772
15897
62
6550
11317
15295
5060
12970
2687
2244
5601
4791
11577
6307
8481
19121
1737
9814
17238
10918
1870
9435
19901
4253
8708
15252
6494
13762
7263
8904
13678
13027
14465
270
15379
15713
10278
10128
9312
4266
13589
259
16651
18558
9499
15394
928
11339
16295
3642
13294
1208
2518
12350
18052
1890
4979
12247
10185
16838
12179
11328
18462
8563
14141
4196
14460
7371
12905
6442
866
10025
18768
12630
322
474
13931
15912
8294
4953
11135
2555
7684
2773
16711
4066
15755
13987
80
14220
8377
7942
1379
5432
7288
11650
2873
12693
3283
5130
17963
1194
971
10648
13106
8390
15872
7825
7609
9518
13256
11823
3202
15129
15696
5515
3654
6217
16169
12032
16181
18092
12377
17270
2775
15333
2639
15244
12743
8844
17873
7073
16783
11026
6919
16448
14337
14570
12255
16631
7811
3627
8505
19987
8391
2800
18198
7696
4032
9887
722
18908
6372
18991
6132
6726
9087
17546
14054
1172
8973
16135
15331
1749
17839
16975
590
19288
3551
17577
16867
491
19676
16416
13999
14265
16557
8090
5963
7807
10091
6432
5419
6995
6701
2961
15447
8212
19341
3964
18737
16612
15902
8808
19466
7632
3351
17212
12036
10240
890
16731
15764
4423
12471
17138
12736
6599
15806
15015
12837
11412
7853
13833
2607
19455
5856
12485
16542
1850
19165
9861
19776
6299
17828
12871
1463
6777
11071
8373
2082
7314
17058
11401
9849
10301
18835
19391
19118
11952
12632
9565
17512
5641
19487
8490
1228
13157
9042
8098
7860
17074
6507
13003
19245
18928
10056
4093
14273
7234
4553
9229
10636
4235
6841
1919
2934
13868
15367
6773
1383
17548
2548
2785
18343
2619
5802
17929
15203
10344
1612
10327
14607
1171
4824
18840
10789
1285
16412
15922
8061
7305
10366
14001
10165
2910
16899
15929
14288
12703
5879
5897
162
4868
16125
19421
10133
18580
3184
10482
256
656
19229
19896
9885
4752
1222
8223
19271
15622
16863
16671
8520
12695
5811
5869
13710
14774
3270
9066
12801
7884
17648
1869
4987
10968
8272
9632
2495
17527
5430
2028
17982
2632
634
10125
8880
11876
13075
3499
5720
10528
4540
16750
13448
2536
7810
12039
7316
5567
14956
16323
7334
6256
4813
6571
15661
2396
15624
2859
2393
13224
5795
3211
10769
19684
16670
14872
7751
5222
391
3138
13935
8075
12305
10004
16264
9706
17338
8324
19917
9545
9778
16071
14733
50
6110
9936
17608
17864
17572
4376
10156
18192
18049
671
19734
3523
3584
10834
8253
9058
9472
11370
12526
14991
7666
19718
5942
876
5791
10611
9589
2403
7029
15035
5730
1316
7473
19117
4918
6279
14206
1585
14024
14423
5313
10687
9303
14035
14950
9185
6
9874
10320
2331
19550
9766
7488
3697
14
3521
19087
15501
19501
5735
6068
11383
9865
2238
5466
11524
9818
8879
10465
18456
14647
743
7558
2041
8985
8171
19201
2148
5937
7310
2461
10557
16788
2537
6850
7064
5878
11511
1060
18212
6791
11606
13956
9630
18671
10100
19196
19909
14625
10987
3400
17065
1038
14308
13117
19346
5500
6353
19250
18708
2634
16172
12529
878
2107
5207
9695
1482
10935
16302
5356
13471
4578
2954
10109
9003
18539
10036
12751
1674
12126
5977
17487
3814
16138
12846
14638
14244
17896
6961
9015
16512
7519
10659
12772
11279
13785
17297
16598
9238
12177
9790
15831
19409
386
15628
8313
5578
3941
15502
17883
17757
12019
1354
2947
9292
3946
16230
13445
15053
18627
15513
6734
5949
5426
3162
2359
5743
13000
4212
11508
8778
4747
3415
4966
10719
15571
7362
14554
15066
12696
9969
11381
5902
16495
1068
15080
3916
19817
4143
6764
6388
12202
10232
4210
6512
6741
3074
17172
12207
7296
2177
14902
13317
2953
9659
11062
13801
6131
17625
2031
11831
8463
14268
7178
13348
3881
159
5648
7692
8577
3106
2645
6097
6591
2830
16316
7567
19771
10770
7965
1622
1123
17781
19497
4402
10944
13210
16395
5053
16434
9782
11442
16784
8569
18433
14326
15072
12268
18838
19069
1386
6161
3280
17189
9972
6587
9832
13388
8123
15620
16034
12285
11343
13697
8714
11649
18538
674
7055
16486
1008
5520
8518
3314
18405
2056
5665
12570
16604
5504
3178
18312
2278
11424
1053
8269
10282
8772
10884
17049
16447
12510
15531
8685
229
18072
8340
160
15707
3572
16710
9373
15041
14434
15467
1514
2959
701
17053
6046
15465
2406
8846
16382
10974
15415
14652
18429
11684
15959
13250
11003
8274
14888
2116
9315
10438
11531
14495
19426
8523
7378
15303
9399
646
13669
8628
10080
18622
8873
9984
9850
4249
15724
1239
15777
19680
18609
13235
16981
1966
19270
8273
19608
2155
2712
19752
1150
16655
1584
9092
10776
10295
5196
19921
7940
2598
5697
12120
6080
15108
12003
7658
12641
11779
7509
14189
13606
14125
7798
13524
1292
3064
12002
7740
12040
11971
8344
14971
8342
8942
13627
14318
18184
9533
11724
19633
222
15068
12867
10044
1088
6109
8767
13558
13575
11664
19868
4363
2894
1074
16112
4072
16279
12932
7580
5248
5886
5475
19505
19609
17456
13531
7873
3535
6895
6235
14559
1122
11013
7002
1257
5080
688
13993
11597
2991
11995
16326
12398
118
11965
1867
3017
13190
14179
1320
12731
15584
15578
12304
18355
15348
9964
11059
4950
18353
17437
13200
6886
3857
10581
7799
15323
12501
11429
5407
18610
8244
2410
10685
2952
15076
19185
16457
12534
1487
3970
18091
14322
16859
6087
19700
5982
10534
18468
19743
4571
11375
3426
899
19315
16349
18545
5553
2301
18005
4873
15401
9205
4356
18269
4848
2178
12548
16292
15837
5172
6974
16947
12550
3139
19105
15987
14083
19842
8352
8240
7088
6765
17428
15142
11864
610
2981
13033
6134
2683
4064
78
1329
5524
17906
15475
13169
3305
803
16443
11255
4970
18186
17206
12791
17767
16737
14071
19287
4837
12690
5078
19761
8760
13084
15263
2080
4329
3073
574
6920
19228
4485
12913
17983
4821
528
3737
19056
4881
6236
10572
17018
8105
4038
8669
8558
13511
4221
9580
4352
17067
17102
12774
3588
11775
3066
15012
19846
10996
17302
9923
13408
10009
9390
1002
7725
1806
254
5389
2119
2128
19782
19502
11501
18639
5763
18783
7251
16876
17666
10402
12848
7964
3353
11639
5167
7833
3224
3541
17772
5307
1733
4138
16121
14771
19136
12854
4572
16361
13779
7581
7872
6277
10513
13170
1392
8856
10252
17221
14732
1659
16664
19775
12581
18679
2922
1064
15093
4054
1027
13249
9367
9561
2968
7557
9338
11454
10647
15899
8953
8219
17752
18777
221
11005
6472
17724
3266
12988
14934
8533
16342
721
3704
1750
2510
14836
8670
3922
14455
3671
9670
15950
1931
454
3828
6633
15106
4130
7921
6503
8014
1209
2163
6394
11205
13418
1536
16351
3161
12830
1689
14575
6385
7446
19091
2574
5247
11870
3420
6842
258
17683
18223
6964
11225
8902
3039
15260
6429
1137
2587
15995
11898
10879
18813
18338
15075
929
9362
6241
16579
18018
2122
5558
11138
7556
11216
11976
15187
3782
17749
2213
2158
7778
5478
111
3891
5629
11774
7748
12015
7985
1328
17380
17897
1748
10505
10815
11039
7847
7824
11954
343
9777
15195
262
6193
1164
15500
2234
19224
5660
18174
13272
4919
7111
6054
18329
13138
6156
17129
16016
11252
4922
3508
4003
5232
14850
15627
10398
10800
12312
14276
1109
5148
15223
11983
16226
3686
10304
17447
15529
13468
13160
18164
1004
7200
9711
14053
13862
9603
8479
11161
19853
19349
7894
170
19099
11312
15336
5826
10078
1902
19628
13393
15212
13368
19208
12934
11076
6875
3293
14027
13700
15586
3053
14245
15300
5188
207
12946
7003
9154
4337
11519
17137
599
10646
16826
10565
6425
5521
19431
10152
13570
10567
12520
998
12592
11093
16572
15843
19542
19696
10183
11746
14384
9125
12435
6361
4955
7283
9004
16748
6254
1970
6876
12018
5868
8925
3411
16634
5179
5390
14338
9811
15504
7503
2320
7273
19312
2179
7039
7307
9147
10340
3807
13345
4355
13184
3265
1922
15360
3889
15025
8387
10462
147
4702
2298
1066
15828
17553
14924
12717
548
5096
451
2472
11070
35
5429
19348
9614
2204
2825
17365
8851
14701
18571
5645
3855
13671
6582
16676
3241
16083
10493
14033
2400
16037
17565
1930
8663
14512
18160
18913
15227
13876
3591
1001
4744
4375
15641
4035
4887
16184
19408
8257
11033
5850
2689
5155
11302
19359
8215
19310
8651
8791
16637
4825
12606
10609
13674
9249
6736
10154
6337
16790
4976
12545
14788
705
17586
9313
18796
3403
12303
18224
3022
18363
15141
9652
14713
4321
19164
9270
14657
19152
5896
8415
5584
14452
8706
2513
10896
18399
3982
5834
6224
19768
9142
10706
4788
654
15487
16036
19887
1039
15961
3176
1162
1884
1726
15196
19681
9234
12038
13983
12789
12448
17121
8362
1026
11345
7184
16576
13037
11701
4265
727
12224
12757
19110
19489
19843
8427
3956
5489
4372
18656
450
16489
4194
9395
18893
3336
680
3988
6662
3571
18541
9024
3895
8448
16685
8486
10889
1543
12596
317
11016
12269
16265
8467
14180
8376
13822
8930
9854
18805
18076
19204
12681
2501
8822
13185
16980
18807
3063
1703
11086
19412
14708
4531
2916
2084
2446
10771
11064
12368
604
2197
12794
19480
15949
18640
10824
5599
18887
12180
3549
16886
9297
17533
11327
10726
18653
3707
16028
18848
19371
11618
18734
445
10420
17773
17945
7126
17275
8316
15547
7607
10
19333
16781
3678
19753
3751
12170
10018
12429
4901
9365
5028
12557
2488
6467
19692
895
1082
8474
15871
664
15549
7797
13062
14387
11793
14309
9917
3412
18952
734
253
5930
5726
9960
4250
6744
18054
19311
12574
19659
19650
4080
3378
18986
12388
2154
1434
16624
10932
6143
2630
7919
17566
8330
1175
19563
1743
14202
19799
11308
14563
6491
1623
843
17610
2142
15024
2624
2110
8977
19317
2809
2454
3992
12440
13103
555
15194
15287
14127
1725
9434
18559
4089
12807
14504
10940
5549
18129
18348
5467
2751
3636
14543
17410
12539
16519
18003
13562
6757
13614
13469
12646
12099
1405
5226
19897
4043
8161
11249
19322
14389
14729
4569
1526
19993
9427
8354
8346
2471
17663
8368
11210
12004
2061
3923
3441
15853
12244
11313
10131
1852
3873
16427
3741
13941
4704
11815
4946
13239
16914
13777
15981
9977
1611
3389
15241
18962
16364
835
12409
1600
2430
7730
7594
4168
18105
18062
16123
7818
18550
18519
608
14234
3497
17886
17899
3731
11012
15972
12097
11158
11448
15545
14162
1858
6050
18438
13953
10560
10135
3046
15069
14488
9391
8998
2748
19537
19774
805
10023
17589
3248
12634
768
20000
15655
6861
14731
13060
2260
9158
9836
9759
5122
14583
10846
9799
13307
5952
9883
19067
12827
17281
16233
7031
10549
9510
17737
18039
10034
14286
1976
12373
10456
8610
19249
6358
18647
1247
6436
5587
2966
17316
18654
8089
6626
19685
13809
3933
6468
13192
3882
8046
6542
17405
12328
14157
17247
13654
769
12536
4191
8882
18466
17050
16762
2724
11882
5827
12083
7238
4692
15343
4693
19945
11725
10546
11440
18508
12346
12540
19186
15304
17337
16310
1446
6709
19661
3296
2990
6596
3562
3191
10590
11893
12986
5263
42
2972
10065
2690
11199
10850
7086
19878
4480
19320
14151
14043
913
12800
3732
5328
10192
19198
16022
17902
7117
12855
8008
845
3514
7747
14748
12084
9722
10671
7451
10215
15065
7275
5194
19321
11767
14906
9208
13784
2929
8326
17066
17705
17894
15615
633
1537
4415
14501
10445
19360
14754
11191
8133
12404
9566
15623
16238
18837
3664
17204
9314
1110
4947
17691
3805
2381
15345
7774
14612
7095
10401
9035
1753
18748
8892
3894
2833
14316
10197
4200
15193
16438
9546
14750
1510
14484
12166
9219
17090
9911
7605
7752
991
14582
18188
16116
3252
14392
16723
6778
16190
1617
7669
2976
1667
10744
16356
2467
3511
5903
7836
17349
158
19922
7638
18247
5674
2758
5449
2832
15983
156
9181
7412
17703
17433
8319
18574
18747
1374
18231
14369
9673
10203
5684
8236
4493
6475
10235
6179
13611
17286
2977
12624
1916
4459
2440
19829
3841
12947
4916
8117
13600
19992
13454
17522
5225
2940
18004
3044
12609
5411
14221
15870
9098
7066
3122
16667
8322
3677
8733
19406
19580
12976
7221
14900
1283
8997
19476
2869
16834
11148
6055
6676
11628
1212
4902
14757
11613
6613
15013
5845
17478
15532
3771
5355
3981
18409
19300
2955
5042
19420
4425
15826
15029
16796
9059
15865
14903
2547
1323
2757
2857
8740
5014
715
4965
11975
18327
775
2828
19043
8811
14603
1335
1581
6133
7743
199
12363
4941
5964
6543
13269
19425
4116
3069
5243
877
16449
1967
4573
4566
16414
4118
8006
755
12365
4290
2978
19653
3368
14344
11799
9366
4070
14703
16008
13871
18141
12378
19203
11061
4687
10897
1941
3955
6011
10196
7629
11323
12993
14654
11784
11672
17503
5582
6827
13321
3824
3134
11029
7336
7653
3054
19548
19474
10389
14140
4411
17912
18618
7553
6335
3012
12504
16001
12649
4890
15517
11603
14895
15609
5518
10038
6118
9756
6370
17236
13216
19354
11742
5425
19876
19763
14576
827
13052
2642
10074
16739
7445
5924
11687
10630
11476
12088
9267
3335
4908
19166
14672
3217
12334
7387
8348
7230
15652
8068
19226
17778
15879
14315
19857
4201
12945
8790
15028
9635
2
10643
15327
12815
2643
1411
13905
7333
11919
6390
11561
216
19012
124
9918
3794
2671
1384
14108
14868
1531
17095
18372
4643
12113
16345
1418
9452
10259
10908
19699
16596
14878
3884
10097
19081
16136
7392
836
15566
15534
7020
10875
18362
2294
11626
9203
1355
17381
8950
13596
7462
19967
11576
1757
16564
1062
13238
2674
19265
13679
4709
17686
5292
9302
19544
9183
10804
17654
5962
14880
16376
19122
16525
4110
19793
17384
2967
1631
14011
1513
810
5447
6880
9387
16836
1278
1197
5452
2351
5544
12804
19639
15822
8800
15714
15841
7843
1923
1720
14552
1701
7682
16459
3298
17030
6808
11176
3969
7239
18256
5324
4688
4663
9627
18099
8550
41
4765
13734
11974
18473
10880
6166
7455
5483
14350
8691
13088
19158
4019
18961
8666
5344
605
18702
6090
5589
19602
7182
471
2181
8422
17356
12726
7616
11681
9852
15508
7323
6493
10605
4322
470
14087
8341
2535
235
6152
10749
8383
5144
5574
962
4758
11458
15316
12203
12659
19810
774
10529
682
8112
1991
215
223
17122
3615
12135
13964
15683
8531
5530
9715
2684
12276
503
4856
7676
1143
10322
15479
8372
11248
11294
95
14506
232
14966
15480
16680
7403
2867
13179
4202
19302
16369
1076
3973
6424
4041
17153
358
7100
12939
8896
9495
15189
18944
11384
18419
11739
4909
1260
3058
10289
3203
11714
6219
18885
6828
5150
6946
14129
2380
7505
8980
2236
297
1871
138
2475
11189
10764
7549
16635
12873
18371
16250
3070
9068
5015
4100
1610
13730
2421
2807
8989
4460
3502
15150
11902
18746
854
10060
6878
15443
1129
5986
1265
1432
2083
5971
11846
18310
5236
14313
16683
17391
17797
19600
14158
15638
8619
7728
16332
1946
15137
9948
16883
13740
5459
2210
6948
6135
4029
1687
4613
12809
410
8508
2076
14665
10303
19568
1817
16491
19392
15911
9560
8763
7702
14673
2247
13008
8509
13508
19260
15762
16702
10145
10126
6621
6940
9347
7849
14946
15516
13900
8602
2804
11463
8720
7041
8701
1814
11786
15310
16929
15737
9337
17656
9845
11585
3096
15143
2725
19236
17788
4311
15555
1382
19361
15970
4351
16196
3738
17353
11844
980
12962
3264
18690
16556
17803
14591
9528
12160
6473
8553
10578
14846
12769
6363
11515
11859
9646
17838
10161
13357
13781
9178
11582
2058
18836
1112
11744
39
11378
17497
16673
12919
13598
11253
13404
13461
19855
14250
11809
5339
12143
12238
507
5959
3842
414
2860
11460
6379
8855
3005
19430
8493
1201
5057
18925
12316
15022
13604
11417
1267
7995
19286
6534
17502
7619
407
4044
9828
3238
665
2956
9665
17787
3480
17127
7326
9321
10862
12139
10532
12991
12209
19459
6126
10181
11814
16143
2796
2459
13858
11708
4538
8241
15528
11559
16389
13378
7688
830
12351
3876
14540
3020
18118
3878
11217
2842
6852
13743
18883
4869
7097
4548
564
19950
14629
14261
9460
2230
12616
10738
347
7116
3563
12219
16927
12604
2988
4040
4994
1895
8195
15612
15823
8731
8489
15926
15933
17605
7784
37
18568
1843
11060
16480
13409
8993
9662
6906
2933
1486
14272
1034
16693
18870
3001
16087
10969
7416
14348
3009
4800
366
1077
17928
5731
19715
10657
1751
13690
4490
4419
10801
14627
10699
18866
17631
6556
14565
6228
8648
18753
90
17285
1420
7046
19231
11233
17178
5371
2023
8539
17323
16581
14816
161
3702
14293
10033
4637
2656
8683
8664
9245
7526
2637
17495
14935
12618
15671
3279
18916
17156
6911
18366
18487
13864
7160
7197
9506
1041
7758
16752
635
16478
11126
2386
6767
15665
4804
14905
4151
16959
6349
3983
12642
18755
8698
1785
6269
3977
10346
9344
4046
18290
11642
10416
6229
4518
13507
1633
7507
3247
17069
11929
79
18415
3503
16198
7252
13901
8907
10527
12051
15165
13202
3401
5725
14718
594
8582
16353
4721
1445
18999
7089
9480
16821
19924
12451
8349
1213
17134
14860
7074
263
7704
12256
3109
12026
13478
13225
7984
7453
8981
18620
15559
380
4104
8935
16839
8454
13826
12175
2840
9474
19647
13756
16092
13487
10250
17884
4536
4226
7364
9455
3097
4008
11405
2164
9617
16301
10081
13246
10849
12263
7173
7018
4261
12383
8396
10856
18066
9683
2907
16445
12242
10280
6266
9529
17974
3428
11452
3068
11178
13603
9553
4588
15968
5385
3748
7693
19980
19841
19075
7028
12513
18216
8237
1652
18031
8205
7755
18572
12480
7474
7561
5435
1905
19478
7365
12354
6463
18352
1236
11644
16935
19384
12900
9033
16904
10607
7538
11557
15419
14979
3431
15639
1207
14475
8380
5192
1166
6200
3167
15548
1803
16419
2799
19423
592
9958
9088
2050
9609
16852
18651
1655
8645
14937
525
11340
19765
3860
14588
8494
19267
12104
3862
16795
6486
10781
8903
2426
15986
17629
8498
10979
7291
16205
12376
9188
10204
1421
15314
1252
19708
8037
8051
3489
7386
16958
11101
10953
7132
2578
16627
10774
14187
4648
1024
17748
10006
4700
177
18305
16618
9237
19413
1793
17715
13990
12532
16787
974
8059
17940
10538
16853
2930
19976
9838
10886
16119
18915
2231
8163
13264
11610
10373
1880
16098
14977
18311
19584
10136
17862
5755
8450
14634
14562
3131
9654
14805
12929
8959
15751
17825
4500
8424
785
13583
17230
5983
11757
8565
9097
16247
1855
11301
12538
12022
10765
8104
10487
17702
348
304
14147
1286
10870
6142
887
1250
16977
1570
12996
19996
7842
12030
13790
1269
16650
13849
6375
19618
5279
4849
9830
18001
15877
14954
15286
1404
12027
11443
6070
7915
12631
8438
17388
211
12353
15542
9677
8548
5021
14609
19045
10959
18723
6264
7414
12424
9031
8363
16328
19977
8130
8876
3538
7217
17830
11422
9333
16469
5586
6510
3406
6862
5994
1126
9335
4584
8813
12420
10688
16437
18084
18670
2911
3245
1225
12580
19266
99
19134
6407
15747
15883
9582
2868
9841
18898
1163
18483
9458
11930
2917
6973
9132
1827
4716
4384
13518
15650
8688
2175
4242
15680
7664
18642
4783
14317
13893
236
9085
7686
17160
4575
3213
6564
3954
19191
17289
13824
2585
14138
3437
11377
11989
14763
5037
3284
4232
17085
15689
5159
7928
8198
2989
5166
13229
18498
3817
3987
5825
10805
5110
6805
18163
12396
17763
17449
10458
6075
13301
19021
17135
11688
19891
5807
7400
11818
14092
2583
9056
19848
19604
8460
17260
14487
4381
8554
6630
16462
8062
17379
8191
14866
15235
219
1448
9540
7933
16306
10816
7888
15044
7846
10902
14877
17932
14291
3212
2066
19327
3486
18144
2731
11492
3858
3705
15888
17052
17059
8069
15840
7409
14007
2252
12246
17197
11538
9985
3316
15951
16236
5464
3592
1372
11709
8979
12290
15474
11787
828
14481
4489
19869
14662
5206
9013
16740
985
7781
17152
11660
5274
6391
3963
17794
4740
1352
9326
18453
1391
13029
3582
14277
4654
4647
3559
16976
2512
13194
14921
3183
1724
13061
15249
14599
4283
14723
1059
16903
5620
8343
12007
184
9800
9921
2788
3717
15335
9153
15997
7943
11790
6851
19506
9723
18563
11928
11127
5149
18894
9388
13713
14849
14038
13011
7394
16185
10324
16151
14535
10695
6643
14661
6743
8217
6419
13353
8213
8234
5891
4522
17877
16168
4158
5502
19525
4562
6611
7236
14327
19541
8719
11992
1787
16257
17815
14792
2434
2098
14377
18378
17670
17339
8259
15864
4577
3384
8245
19651
5310
1693
1184
8606
10061
4986
4708
17954
7571
3827
13127
4268
18602
19890
3246
14153
3550
6476
17429
4299
14409
6620
11030
5634
6704
3626
8768
15172
14533
19652
3766
14111
11578
15541
3377
9493
5700
10470
9649
2927
13042
15580
19410
9952
12205
13415
8519
14597
9700
18585
19894
4010
2986
19825
9322
13985
18701
17248
15186
8478
14738
4370
15862
15107
6115
13102
11001
18303
11938
3308
14544
13379
19966
2596
6065
5357
17920
4056
2532
7101
7591
13952
10596
7924
14208
3539
18030
17700
11481
1833
195
19601
16043
19436
1398
686
17036
7531
6690
5803
18604
5056
10962
2648
9151
8995
10841
17726
6384
6858
15825
19940
19613
658
17814
6325
16074
6671
15034
908
3621
2132
8178
5041
8081
13685
3587
15974
2223
7007
17879
17668
17470
4125
5228
12472
4401
8595
14500
18014
17194
1091
14716
4616
5809
12372
13171
17269
15366
922
10753
18235
11015
11887
2187
6267
8514
11612
4231
1955
13247
4225
10768
1220
15046
11097
9534
7360
2362
1297
7529
17622
19856
13992
3231
2658
13681
17465
16086
16460
19840
12984
15993
11658
18875
14875
17210
3114
3783
11234
16171
3960
15253
18421
18449
165
1155
5956
13716
7027
1128
19716
17484
17744
18852
1054
14691
7683
2504
12397
11631
2756
16262
17094
10854
17104
12512
13063
10520
1981
5901
11321
4177
6144
15133
8906
18226
4314
17947
19106
17107
14218
13463
5734
8883
8589
19903
1552
3791
10459
8789
7639
10603
4967
1180
13978
8713
15560
5622
9001
11886
9981
16261
14747
12622
5960
17146
14635
19040
18741
2516
15701
11966
7359
14203
18784
7662
1047
3994
9191
16695
14916
16866
17361
9503
9791
14684
497
10539
16494
9014
11395
11570
17598
13352
1325
8545
15178
3649
6813
102
5224
7139
19905
12826
13610
5142
11545
8139
11106
1963
16568
8799
9864
18557
11352
15450
8575
17318
16030
18250
19387
14760
2246
3921
15943
6281
17201
19281
989
10016
11048
7515
15916
3773
9583
1535
11245
4320
9922
9310
16379
1340
10888
13810
13343
308
12456
16777
7418
6009
10134
4615
14132
9834
10455
8177
5859
14148
10251
2027
11346
1554
16180
14932
11903
14557
17677
19173
9196
6128
16314
6649
11750
12045
4190
9886
15833
5413
2657
16920
13715
10418
18075
17799
7808
898
190
8271
19292
12780
18743
14105
7187
4920
13257
7249
362
3999
8255
1230
3589
2695
10395
8549
9940
12017
16888
11914
19632
5516
7637
4750
2468
3399
7749
19217
15254
16052
17422
11207
10274
13915
8182
970
15813
13281
15660
12691
16120
2189
11183
11629
11735
3872
4323
10150
15
15928
7592
15251
8041
2121
16978
4576
6792
615
19256
10901
19713
8440
4762
11054
7742
11136
18650
75
19141
5416
9880
2571
8992
12044
12410
8793
552
2233
4430
7248
17016
16372
11568
2814
2866
17569
1532
19615
7272
9159
15408
11737
3612
13007
18904
6968
7626
4154
8142
12587
16484
982
3182
3953
18666
6583
4112
9034
9806
2363
13405
3267
4215
14887
12779
11263
6868
4439
16563
10447
576
2229
11959
13565
13735
349
16560
11981
5463
9206
11469
17393
6952
17191
1273
16941
3709
12730
17335
6985
19779
7973
1296
7225
5340
5787
12433
14834
4475
4642
15373
3966
6331
19698
7856
16217
790
14385
15184
8660
18810
8885
2659
19398
16375
2432
1280
244
15962
18301
16865
4896
7729
3465
4501
4481
18763
5884
11731
15301
19059
7878
15980
7366
14608
9116
11632
15139
5913
7227
8036
5577
10239
8782
17309
19871
14835
4810
1304
19627
17372
5984
10758
8911
5264
8964
12525
16535
1414
18073
3785
15957
15255
12300
13526
3100
9604
13324
9999
208
6094
9378
18621
16934
5268
4491
13119
5569
4705
1118
3971
19969
1672
8327
17463
3655
7141
16835
2483
10114
9465
3651
13800
9492
4438
9161
10003
18921
1124
856
4160
4912
17250
13695
17298
678
8643
7174
16417
13966
8616
9894
13662
2340
13651
2259
3220
4179
373
19888
1490
10047
13006
9334
3310
8430
14527
8482
15684
10838
12264
4193
15649
5842
10654
19022
4414
9927
12375
2887
2494
18970
7341
13545
12653
18923
7108
6937
8002
4052
13899
18772
17477
14775
15057
15464
7542
18972
4924
12359
17506
16769
9372
15931
986
15752
14623
16011
17583
15754
18011
14842
19393
6837
19999
19599
16370
17844
9823
7804
1518
9286
2680
16668
4162
2755
11316
325
19769
399
17483
18644
11647
8295
1634
7941
5938
9105
12241
10358
3214
1191
19435
7033
13155
12931
18967
15697
12718
17671
13086
14382
17786
4610
12551
8058
10296
11655
16715
6652
8609
15188
323
13328
14630
2042
11397
19935
9438
11165
5672
8764
13883
11507
8487
5774
17771
18295
1156
9000
1056
2347
9688
14510
13991
7522
18170
11014
9976
13389
9877
6010
8615
18801
13130
3187
12889
14777
10368
16994
106
13924
14448
12476
6271
19832
19985
15060
19770
16857
683
15730
15039
18629
14374
7727
4417
1376
1563
18161
14089
11751
3929
7145
7151
10317
18740
681
959
12147
7562
12629
4291
3887
14404
12493
15477
14502
16726
6996
8144
9023
5709
3660
17535
17618
17314
1962
12875
9934
1544
1360
1944
13423
14669
5805
5676
4682
10813
19143
9684
14686
14574
5095
1063
5740
9816
1471
12073
154
3722
4961
5325
14653
3725
13736
14949
19147
15511
17662
13907
14122
19725
6067
12327
12109
3756
12908
15700
320
10619
9949
14596
18275
9879
16816
2795
2045
5777
875
13607
10306
3133
14589
10494
5023
12299
19944
2429
14169
13821
10054
13189
3701
4450
15505
5733
18155
6487
567
15315
1044
17544
11592
4743
2503
11730
14751
11475
16537
16691
18816
19029
12872
18643
2390
16044
2062
18505
14869
17089
5283
14856
17900
18648
5474
16131
2044
11682
5312
7916
16755
9186
2705
18843
5715
17696
12608
9290
1956
16195
1282
293
9898
9577
11756
6843
14962
8865
15357
17783
4466
14135
7560
12127
12579
18215
19803
6455
19546
1452
11977
948
2018
6902
18523
781
17382
14480
3233
9505
4433
12620
18098
2297
15851
5469
3919
6437
15043
27
13727
10063
21
17253
8009
9709
18108
6867
17088
11726
17967
6560
6953
12190
12149
4939
4255
17071
4560
13666
11802
14044
3614
3729
13794
1023
13930
282
13525
201
5840
19714
2569
6938
2173
3637
4416
11932
7355
8159
6148
4898
7813
3845
17991
19400
8535
9690
6848
1824
14490
10656
8781
17464
10307
7972
5338
8395
7071
17980
7911
136
6854
16471
15100
288
14641
14165
14677
2602
11268
18333
17734
19759
10723
16288
3153
15788
14801
6469
14648
19215
740
4826
12150
8318
5444
16534
12664
14867
5187
649
2946
15483
18819
6030
19598
6320
4284
3404
18780
6448
17232
14365
16694
13295
10658
238
17469
9202
3875
8428
2688
8608
3330
18029
8160
8309
18232
12926
17038
146
17515
14411
2072
8850
3997
4713
13780
13392
5882
10347
19756
14123
8436
5008
13449
2240
13702
3509
19849
4513
10761
9349
17142
6348
16023
8335
12517
13753
12858
18548
15924
1599
17220
15182
7179
18019
1311
16277
537
10595
9833
17796
6249
10437
8729
10548
8524
16286
2387
19456
9719
19503
14196
19572
1397
17151
6290
3319
12495
14784
2067
18165
17924
7716
6430
4006
17907
17258
19509
3123
9192
5345
19923
18195
3085
18260
12819
19920
10349
7869
4315
13969
703
5546
14772
19170
6825
2805
4777
7579
11733
6568
3036
1344
9585
3221
15432
4068
3086
15537
7105
17485
18318
16714
8480
3680
16032
8227
897
14130
209
14498
11295
4240
5285
9826
2558
8155
5817
13099
16861
10415
15656
1279
16707
1437
9776
18410
8048
19167
12308
17266
5920
72
18964
1028
9157
2492
12000
12455
14240
8752
9199
12074
15362
18204
3896
13018
6049
15115
7792
5716
9431
92
5631
4220
15326
7535
13015
17355
1190
6770
1139
8268
3930
14324
14586
14520
15898
9581
8148
18307
8668
12298
10553
10233
10615
8404
5560
7476
17099
9240
17112
4526
784
11880
12785
1021
3790
19559
16864
17750
1915
3244
14584
32
8810
15761
9889
943
2088
7127
8750
6615
13542
1578
1542
761
526
2672
17523
9496
9095
915
5737
7987
18987
8611
12555
6347
18248
18396
15265
7929
9146
14706
12752
12787
13704
9040
5876
3629
9515
12037
4799
13534
2113
11489
16186
6607
5030
10742
4940
14375
13154
1669
11513
16070
9394
10576
14110
2538
6554
794
1469
17035
6273
4811
11801
500
2965
7508
18153
6042
10913
7914
6618
13046
15291
15873
12231
15282
3179
3688
7587
6528
14728
11676
3026
1381
9293
121
7250
7705
17014
13738
18140
14383
19583
6908
14839
18833
19199
17368
14973
15389
10792
13439
7218
5843
3851
12948
16154
12314
2806
13647
2979
12422
13970
3315
13804
9607
2295
12288
13975
18043
13709
11497
2801
8284
19210
10017
2425
13234
2713
15246
4146
6318
14094
9860
1483
12411
17377
18199
5904
9351
10790
1792
6809
17211
1822
17910
16020
6921
11593
11105
8679
15998
10893
17848
19504
16455
3008
14715
9080
164
12193
8230
10326
9252
11021
16157
3898
10763
2715
12130
13109
3356
18601
4738
9514
11092
661
19850
6039
1829
6634
10281
813
15004
6768
7640
616
10495
19399
7677
14267
11958
4451
7578
17661
14610
11413
6369
7645
16114
14399
15347
9579
8426
17824
5201
13795
5929
13280
4211
9843
10853
3311
9853
17532
3332
3290
12898
18593
4435
19915
9704
2160
7293
6497
17708
13134
6300
19902
3059
12507
8817
17443
5097
12928
13667
4161
4022
18881
518
5785
16452
15462
7372
8745
9764
9342
2942
2837
18488
372
19569
1548
1832
17746
8355
17927
17951
8785
5154
19936
8687
6558
5507
2618
3644
11457
12712
16002
15817
12052
11246
17898
17789
10079
965
13650
3132
1942
19096
15773
153
6609
2271
15789
16415
11251
19956
13327
6178
8832
3606
6164
18404
5118
4207
12910
15047
10786
10848
14107
4087
11459
8556
19823
11427
19576
9363
14425
15234
11139
10000
9406
4012
444
5176
16665
10662
12678
18493
13631
4933
8636
6575
12544
7198
17420
15140
9530
14967
15720
4121
4677
9222
2308
11541
15237
11982
6653
17271
10216
17480
5950
11911
7205
8962
3418
14438
12825
16272
12761
11998
16669
17611
18573
19916
5945
8381
2754
12840
1993
400
1909
12428
12047
4045
8696
15906
18293
19625
14247
7229
11860
3830
1368
7093
15908
19824
1675
4855
18324
4091
6574
10116
11084
11444
14156
14534
7673
17457
1003
11957
6899
19385
8249
19540
16013
5877
19138
10842
18730
18968
11962
3072
1318
16933
7048
18719
18958
4723
10285
2079
1812
12330
10489
7598
12427
17835
6664
468
11058
8716
17438
4172
6818
19606
13299
9201
3261
18222
7466
4413
8251
10833
837
7092
12598
8798
8151
8940
1099
3484
9084
12961
16617
11648
1632
11271
5165
455
10748
16553
14400
10989
1788
18486
8157
16177
1997
11341
16630
11683
9520
11410
9737
5386
17981
5485
4332
1120
9983
15535
13381
123
15439
17714
6389
2889
9213
8622
11883
19275
7435
8649
16733
14259
19884
14193
5016
19407
18797
4107
16580
16456
4903
13742
3145
8890
1473
8783
17119
11425
5022
7155
17660
4502
8777
9356
15156
2184
5565
5269
406
3056
16378
2389
9716
15801
14209
19558
18036
13197
2589
15589
13644
5006
14752
2275
10173
6242
17475
3718
8472
19051
17733
17299
19241
19847
12414
5568
18096
12457
8594
19161
18177
12972
18090
19760
5895
551
416
8637
15038
11785
4823
10132
14388
15518
3172
4181
16223
1505
6590
6171
6659
16640
4420
1256
18752
851
19098
5760
19222
3712
15718
3089
14688
19454
14564
213
2812
1722
16961
691
17685
1371
11072
18773
14063
1341
5105
2273
18798
11272
7698
10604
2730
9866
8765
10914
8638
18766
4185
16559
13268
10855
12799
18206
14008
7909
11732
1009
8267
12677
3730
11759
15374
11764
15055
14793
15275
6849
3799
4467
12012
14964
14418
19791
8471
15071
3416
3800
8434
2251
2644
13807
4885
13645
10799
1677
9539
3494
18495
12797
5089
15659
14524
9564
13640
9808
11228
17073
16424
13367
9483
19181
6523
1189
7903
11740
18340
13284
5612
15896
13618
13906
18652
8591
2786
3713
9571
9486
13718
6165
11551
15048
13539
4872
7565
9967
17223
16067
13101
2354
16641
723
15869
1319
13176
16606
7759
16653
4037
19077
10622
6076
16076
8901
2133
11518
5866
53
16942
7550
17439
17904
3673
6988
14622
14093
16453
6338
13628
10408
6588
13556
2087
6580
12023
8900
11552
11049
7004
438
11257
2117
17011
5718
18233
5832
8248
8662
2427
2342
7471
3453
8933
17345
9797
19792
8568
18465
12689
621
15372
14443
1116
8758
4017
18394
11702
10338
4724
8218
11319
6402
3608
3740
17740
19257
18251
6800
19332
15311
15368
3413
12687
18470
19011
1017
9650
8804
8176
16406
9083
17118
9443
12998
10382
18208
2694
13220
9102
9414
7540
510
14205
11634
8074
8845
18849
7188
18137
18261
12417
4511
1846
4469
12138
7469
11520
1385
3776
19590
10923
9101
10228
3715
10361
15682
4732
16104
17817
486
14213
7069
12625
15738
4977
11488
15288
8254
8297
19273
10653
15767
15893
15647
8584
16355
19914
5617
19128
8526
5218
4894
8916
10269
5003
15969
7441
5583
16824
13314
5059
11182
1284
10075
17267
13512
16900
7772
15642
14047
16061
13479
3487
12754
3602
15353
1761
16308
7945
8384
10650
16644
11769
9369
17574
11371
19514
5137
5998
19973
18149
15181
429
9467
6712
17472
7243
9082
4147
9212
9989
3040
1555
11718
9160
4487
2729
9550
15938
1509
17124
8057
17115
2850
14987
19296
9982
15745
6958
6882
15007
15901
8665
4197
13059
16666
1115
14536
10143
13114
9457
7917
12636
5319
15169
10980
1456
13019
9115
8060
14796
9396
18815
18937
18273
5721
19324
9071
18249
3609
17431
9079
8599
637
10910
125
11204
7934
3784
9114
16558
7356
2511
4831
11187
4123
12876
14420
11707
13560
6521
1235
6799
11455
17171
11113
8640
9829
3691
1217
7077
18890
2734
14232
173
6240
17414
15726
9261
2566
13962
3950
18668
14803
10377
1776
10020
19362
6147
7062
9149
4846
11828
18578
1592
6230
7546
2847
339
18529
12338
16245
18911
522
14798
19614
14372
5885
5334
15810
6525
2052
17264
11215
14248
9488
15795
1911
2559
8727
13494
7566
7966
12110
12119
6108
18296
9538
12486
18614
10146
10891
313
9254
16170
19377
19918
16244
7433
19882
8600
3490
7284
15423
10928
6529
4602
15350
2382
5666
5266
15499
11006
14264
11542
17068
18440
12098
16497
1007
4209
2199
9265
19437
1051
9198
14415
7025
8305
2541
1141
8029
18151
7766
12340
6714
10798
9892
4545
10602
19517
13533
2248
1670
4593
11686
18856
4328
4957
9699
17542
6883
2640
5798
19963
3939
17474
3727
17424
9734
17775
16019
17970
17409
17653
13500
8224
17707
18561
6817
1157
13848
712
2620
10359
3079
2647
280
9038
15020
15086
10504
12108
18148
9536
8927
3974
15325
10479
19582
12831
11193
1022
16870
13361
9707
260
47
3998
9030
8702
3965
13096
18868
16056
3618
7044
13996
13254
1415
18342
4673
8312
13909
7172
8252
14851
10405
2285
516
12688
7923
10199
10457
431
11951
7794
5451
16511
15758
625
4679
16294
1587
791
17919
18012
15540
8419
12644
13489
1636
18721
18083
8196
7545
2931
18949
8188
8334
14571
5282
15550
10140
10193
16503
462
8228
14637
15766
16823
9857
13380
8473
6001
4406
10509
3967
6918
12271
2292
16050
7300
17403
6163
9612
7241
5640
14118
3477
16577
14919
277
11330
5912
12569
2526
2071
6651
17923
17592
7257
3029
13519
19441
9512
12971
2771
4653
8278
12951
18463
9289
4027
19402
1302
13049
9187
16649
2392
15216
9988
11411
4094
5185
2277
3529
3917
7295
2808
5596
17358
13942
6153
8107
16144
17911
13158
5533
13199
5961
15078
14865
4148
15607
10122
12482
19263
6628
13251
15646
9787
8921
1762
10272
3579
16918
1992
1630
10919
9871
6694
6202
19695
11110
17863
6506
8141
15849
5370
11745
3281
581
10874
11446
12028
17022
1932
12591
15732
16573
16744
9593
6364
19338
11023
58
4722
15162
1533
2776
15866
1707
19643
5836
19083
13427
3374
12197
16088
11334
10022
19957
13597
12144
2000
49
16228
957
6797
15266
8596
18034
13981
5302
17520
18977
16330
8867
1594
71
3835
17958
310
10499
6947
760
15538
8654
7391
9738
19520
2009
5839
15954
7186
5783
16776
7722
1498
11329
16832
12756
2070
757
16986
3461
1545
7207
14283
6025
3812
5082
17866
1575
15848
19073
3408
19297
1653
1948
398
1428
9398
17823
11267
10485
11285
14631
8042
1210
967
4943
16609
18674
1851
13476
10832
10159
13382
14640
2543
4626
12750
3013
3496
7520
13687
4288
4842
16827
19467
437
12806
612
6761
8464
17499
10796
18531
1488
13523
16155
18726
18368
11034
19619
12082
10583
3656
1229
7829
19036
9137
906
6037
3130
16463
18022
18745
3645
10835
3372
6725
2366
11675
5320
2470
13894
2877
15318
6223
4007
9997
18761
13093
3689
12382
12648
16829
8944
6431
10276
10517
19519
9954
841
19339
10665
12347
18268
5304
18104
18588
16583
8650
6063
16153
1961
14670
7667
10258
5441
13242
14486
6686
18774
11560
4876
3309
8365
12195
14858
2089
12927
16077
7245
10040
5303
16059
7608
657
15630
10536
5669
6490
10064
11703
12306
16097
12043
15473
6464
11107
7647
16221
1541
11734
2332
18423
2971
12711
4749
15886
1356
12702
2374
15320
18803
4335
19174
1551
4263
2783
1849
5135
8028
12530
3093
13323
17170
202
12384
5040
6212
19620
14687
16270
2720
3464
17937
3328
1095
14239
19184
15359
11201
639
3003
56
17359
12473
12936
6350
16212
2215
3639
4579
905
11699
8003
1219
10525
17132
8741
3409
685
4084
5007
3095
6857
18474
2593
1202
11358
13092
11045
18613
1343
129
13925
5717
12258
9600
19991
12251
18068
18339
1083
18592
4243
4845
7604
13451
17342
18244
13305
15062
17246
3520
736
3215
4786
11794
7832
16420
5545
18189
10315
8466
10782
12593
14526
18023
13386
18600
18330
4059
7573
18711
3127
13567
12874
13206
15579
6758
9319
14886
9542
8886
17199
558
8120
15469
10179
7606
12105
5892
12466
15079
12218
14183
6225
19689
4187
17494
4668
13696
505
5315
13108
6485
18951
12492
8116
9244
13948
15176
18975
821
5555
8630
15294
19457
11881
1085
10012
8833
12343
14364
19805
926
13502
1324
19176
19211
17147
9174
13459
12793
10166
6728
18314
9998
15522
13326
6669
4963
17986
7038
15668
54
12310
9870
6763
8620
7192
15220
9336
13529
19010
12792
18048
13649
3695
5691
10046
3271
853
12552
1877
4471
7131
8560
18605
4498
3033
14995
1839
11174
3345
815
1246
94
2367
14174
4365
17012
13630
18895
689
15617
11694
15338
978
7823
4672
13955
11376
440
11209
9074
5853
2282
18375
17747
2943
19821
5178
8401
9744
6071
18131
14062
15601
19571
12071
283
11408
5229
11921
17013
4770
17471
12639
2655
17462
8180
6616
6796
4386
9294
1848
9572
1842
14491
16358
10226
4656
11387
2137
16312
13339
17203
17364
8680
7354
7710
1549
5992
11031
12568
10335
8491
17623
4888
15616
672
11407
11563
4340
17352
13566
4624
15955
13919
728
10840
6280
3607
14303
17294
12685
183
7459
14823
9019
18112
11114
8982
9090
17272
9377
3813
9437
2528
19511
7767
1315
1700
15073
9966
11666
9730
15455
12585
2005
2855
16684
14994
1645
19293
1691
17183
14485
12722
13732
735
1888
3653
6727
7590
18902
2305
1567
4660
3865
6573
15121
19202
7042
18733
19787
3593
14809
11525
15045
2482
18358
19913
6058
3510
3902
13973
19669
2127
16741
13125
16220
7809
8306
8917
14953
19206
5246
6656
16642
10207
10807
11435
13262
10652
11333
10535
16753
13183
8626
7040
13898
18162
13813
1135
185
6904
4016
17915
2762
8410
19854
636
13927
16937
7802
17351
13986
2411
13079
1560
9748
14463
14725
758
4617
9686
10496
3007
10859
59
8359
17935
12914
307
1308
8203
1435
9812
15485
1429
6720
5146
19961
3675
17832
5075
12121
18349
16772
377
3513
14580
11704
15031
11322
968
1097
8743
16393
16108
8015
12133
11104
19149
5127
10212
14249
167
7733
14028
8325
5517
17227
8773
14347
17571
14532
17955
3585
4101
18246
573
18008
6787
3767
2944
8825
2030
3515
3177
10238
196
9606
9163
11772
9276
15717
225
14883
15978
12862
14216
3617
420
16620
11162
1589
18374
18082
15375
312
14955
12576
11437
14251
4921
16161
1778
18826
11486
7213
6881
719
17776
6482
1272
4278
8187
14928
18503
8843
17710
16979
11232
381
4473
1168
7596
17235
15811
5711
2311
19801
2225
11236
3110
4149
11721
5543
19000
4519
19261
12890
8926
15224
19269
547
15593
6889
7879
9120
532
11680
286
11727
4735
17304
11972
2391
19820
112
746
14215
7775
18245
16526
923
19785
13825
1601
3885
17936
12267
2302
7067
13310
14802
8709
15459
19284
11491
8128
9498
18257
13891
10562
3346
423
4367
1293
10574
17292
14936
14435
6505
12228
316
5249
4106
12977
15101
110
9798
11008
11776
13757
3888
11522
16652
8762
7276
15952
3533
2923
13488
3075
15484
4079
1030
3414
16009
11640
176
16307
12294
17252
780
12374
13609
17021
17101
1853
1904
9667
2693
9404
5900
273
19494
7932
10672
11167
29
4833
4140
8597
15273
14755
5681
9380
891
14899
15456
15197
17441
19276
4028
2932
8371
9752
1011
19949
4325
4002
2679
3082
5505
17139
1408
1149
4778
1330
11521
14005
2126
14085
19133
13416
2871
19773
11278
19100
6655
11502
2741
14660
19678
5623
16789
5335
9379
16256
19403
6754
14262
15466
14679
15154
10432
6845
1666
17436
19864
19737
4533
7076
9143
8152
4512
16042
7821
2902
18302
10264
15308
5495
15686
6990
13066
13139
10618
10093
10005
19862
3016
19189
1901
9647
3901
14658
19262
7120
5864
12155
13938
11019
19253
4377
11924
14581
8108
10334
4344
15994
10142
409
13741
11940
8682
16549
11011
9947
18775
1484
15653
11124
10757
14690
14311
10904
9127
17882
17091
15844
13982
2138
16756
4583
12234
15674
1999
11920
15606
15577
12172
19670
17080
10691
2544
2575
11024
19468
5759
13950
17192
3932
2455
17908
6321
18136
9773
3090
5575
4751
15279
11900
8897
7267
8586
11145
5824
17397
9674
2553
19344
12281
2399
17913
9537
14225
7374
9180
11931
9602
6339
19126
8115
2752
3892
10030
10540
16159
12243
4917
3375
17525
12008
14358
15407
15637
16840
4510
12599
16728
1332
16955
2975
18802
3958
17120
2848
17645
19135
16533
17015
11580
5308
13586
2038
6106
6563
7129
13634
13344
12469
8189
169
10130
5217
4298
6162
1742
16822
13588
18124
18722
7486
4105
7862
193
1258
12906
10236
1497
1668
6629
18176
15992
2678
10960
15128
647
16983
2588
19294
10952
16646
3432
12886
4175
15814
10187
7339
17674
9574
4547
6214
15155
14717
17034
9962
4159
5286
2264
13798
10651
11298
6027
7975
13330
2267
13484
14431
6480
7996
16183
19123
10526
1845
6489
4009
374
18536
8039
4192
773
18831
1178
7442
1972
6116
5702
9316
16872
433
824
1558
4590
2065
7201
4830
4779
3427
4586
14768
10155
12356
17242
13266
6927
2896
3561
4915
11415
18725
6976
16722
17081
4171
18113
13286
6520
3288
18864
18791
9131
10039
12732
14734
7099
1873
8010
819
18638
2033
12985
8802
4509
1903
4981
9718
18081
18126
11693
10168
13711
9717
9318
11795
17333
6000
1460
12990
2074
9325
4694
5534
19094
16708
2609
5298
4275
8406
12459
17798
9478
16334
4625
19458
15426
12065
14692
426
1127
101
19524
19778
3061
11055
2022
4205
17331
12640
5017
187
11153
2542
6647
18978
936
19654
9025
7703
18135
7259
7065
833
1106
15264
8408
8561
858
1794
8138
19809
11382
19214
12860
2255
10937
1758
4233
11806
6668
19962
17268
16614
18982
363
12183
12254
14548
5314
13626
18077
2810
7136
12260
6377
10677
19749
17184
5849
15247
10300
13135
14472
17560
10721
3554
13692
17770
3042
3050
14528
14199
12506
2124
2822
10391
9422
15556
17046
16193
6231
1216
2778
5880
6005
17968
16284
15005
3501
5440
14944
3700
19701
15633
1107
17987
1517
2408
3076
7518
18443
15618
3820
11142
6356
9134
14428
9463
16442
12336
10981
2385
13535
4574
7721
3672
6172
7286
10321
3856
15936
10409
13765
11979
376
13077
14993
9259
7057
12087
10184
5678
1179
15526
14496
4465
18214
13407
12952
16271
19873
4655
3144
19386
5829
7475
8625
9069
14876
16137
702
8754
2649
2242
2214
10668
4330
6283
4959
19746
3596
6130
3597
7254
907
6302
580
16948
17057
1365
5762
13300
12765
18709
12638
3685
8109
5293
13680
4820
18589
12829
10683
9869
1569
2352
7835
5650
12282
14904
9152
17593
14714
19032
16610
11069
3301
18147
16754
7739
13724
16381
9658
10772
12369
12966
13661
16211
13005
8929
19095
11548
2025
8818
593
16567
16258
9100
13638
1226
13472
18596
15380
1455
13691
2829
17742
1801
96
7617
5541
11073
18403
17719
11679
4428
14104
14184
9735
11517
16319
38
3911
7384
14266
11324
14920
3002
7191
10631
12766
8721
353
3392
14238
15148
8451
14164
3321
1716
806
12994
4360
1562
1603
8226
7317
12163
8070
11374
15131
12227
18546
11741
12223
18469
14391
14021
14847
6470
2402
5281
8283
13073
7806
11464
17063
1574
15087
17847
10111
2628
6992
17282
1094
10460
11311
10696
17765
10587
2094
16046
6441
6816
7489
1713
13595
2274
14393
6355
182
9975
14445
8632
4798
12211
6589
18830
6233
9802
10263
12944
6423
2716
18543
3640
6456
3565
16952
11075
6102
4055
15492
12449
10826
2002
13873
2732
12307
4596
5271
12217
15920
8576
9524
11288
477
13737
1337
17288
8012
10323
1349
13232
13067
16202
15014
2111
13493
14269
19162
19605
7070
9350
7575
2633
12284
2324
6343
2309
356
9008
7457
11230
13904
14617
16371
9361
14881
3622
1069
1779
13279
8468
14942
12025
17291
894
4174
13621
2903
5184
10990
18554
340
6967
7533
2280
15815
2051
7429
11098
11825
1147
7210
8614
7228
6411
10640
16798
6509
422
8966
4122
9140
2241
18829
595
6814
1240
14795
19195
1995
13081
11419
15238
12116
12768
14321
16919
1907
13532
9747
17587
4398
15793
10512
13997
816
15444
4462
2208
17259
18988
11990
3492
6498
17551
19959
1731
6444
19200
11421
6562
131
2063
17690
19932
3435
8751
18518
11927
1896
14020
6154
115
14155
13856
4165
11160
3278
12759
16729
15786
1366
5503
6829
18130
9990
218
15648
9415
134
8043
12465
7266
6691
17445
5277
17213
4456
7393
5707
10014
11627
19530
16033
7974
13676
330
9961
1136
15885
9445
5404
16759
1244
9359
8801
2727
1433
3115
9017
13241
13426
17411
4213
2245
11662
12421
8974
3900
10010
18361
9217
14224
11221
3605
16548
17336
19908
17994
17822
17633
9664
17682
8053
10448
1582
14650
6969
1511
4394
40
6991
7484
19952
7253
3566
18133
15990
16701
6933
7134
15900
13496
16575
13585
4129
15708
2140
18804
9106
9822
11480
14885
17425
12134
5828
15557
11017
9353
11259
2701
8235
16696
17727
13025
7803
4827
7665
17555
15281
14990
5038
9656
10191
3619
8499
10703
14333
19401
2885
7118
8908
4388
5197
1255
13147
19624
19500
251
4556
8583
12323
9793
11275
7635
18517
9970
16064
4353
17634
14969
18194
14817
11428
17853
1618
365
11477
17914
19405
15488
9942
11985
13316
11235
18511
19828
12573
5376
4354
8746
19790
2798
9789
17262
17541
12849
144
2858
4764
1644
11837
14363
11406
11237
6877
16281
12362
14811
9393
12863
4567
13351
7899
12069
2235
9450
8838
14567
12115
11185
4551
16602
6724
6640
17418
17263
13874
8411
17348
14161
19443
9111
13920
17216
2435
1520
19978
5987
4854
7939
14257
12741
1417
6545
9346
6891
6504
645
11403
6738
12553
2057
987
3747
1151
9170
6246
8544
10725
14619
10190
16960
13477
4294
3886
192
3067
13928
15016
198
11087
6784
13038
19794
17649
15956
7344
15413
19157
4935
4157
18718
12834
10751
7506
12923
16359
5084
1192
4892
14830
172
11836
14923
2168
13098
7219
18713
5670
15322
19132
1593
4135
9655
4718
303
9916
14560
9618
10241
15000
11791
8087
13201
7140
7867
1307
17925
11961
7530
5643
13723
17371
5823
18117
5341
18705
15117
14566
18860
8934
17975
10059
17133
11287
17025
4361
10873
18532
11892
12969
2491
12763
2641
11385
17334
4860
18304
13961
6820
15734
12917
12611
15802
19139
3989
18817
7543
3445
5576
902
9364
13424
10243
18983
13076
16898
10623
11498
11265
17168
16423
4807
13553
9123
14366
16502
14785
1698
3262
6208
4666
15472
14508
18863
14355
11108
3052
18119
951
1506
10073
8946
6565
8744
18842
6365
15846
2570
17106
3913
16570
5883
2768
14474
274
14613
4769
15497
12847
7500
5630
9638
2047
166
19148
9809
865
16331
6111
1810
4681
556
14884
3899
16991
10262
8888
10430
16774
13248
18391
14457
15278
11241
17617
4998
16587
10931
17840
18945
16892
16523
1658
10330
15090
13629
18414
571
8412
3206
10442
5957
3512
18150
19930
531
19230
16546
19726
2438
13802
8092
12735
3816
9012
869
1423
9622
14997
11879
11822
14668
17795
6141
13050
8465
7437
3228
3928
12564
19086
2595
10102
13782
13486
3331
9094
7912
12719
17125
15592
10345
14483
9557
18291
6082
5265
19567
9813
18320
8458
17442
4793
3160
12824
11690
3594
15587
12325
13335
662
13298
2500
7773
3825
15232
17453
18344
11149
11589
19439
6378
175
4065
19053
6014
8375
7897
16775
1699
12980
3424
4011
1067
10332
6713
9950
19835
9210
5214
16391
5208
3580
2753
7406
5391
18428
10808
19539
3687
4407
16409
4969
9522
15988
18109
5318
186
17240
8607
2176
9169
3979
10076
7854
13384
13398
19479
345
15770
7819
3391
7709
17427
818
15634
5932
13126
5336
13855
12389
16820
15611
2021
5147
10189
15721
11867
18406
10624
100
5801
1079
753
18292
3004
19177
5242
15941
8617
5719
2984
10566
5919
3015
10463
3904
17056
73
19008
3583
17762
3531
9919
15780
10353
15976
5556
2211
10466
7961
2826
2395
12973
13437
18002
19634
10431
4102
8243
7010
5990
9697
2266
3947
17383
12439
6187
15568
16873
10277
19277
12145
11877
13024
7615
9215
4408
7082
10209
12462
17306
18675
1409
1534
18
17033
7190
14909
15398
3140
3080
19071
12710
17810
16251
2156
12125
1454
7052
17193
12902
11949
13054
10086
11827
1697
14838
16908
5191
19014
14310
11147
7969
13196
16396
14175
10716
14065
1979
15567
12974
11118
18367
8938
5136
1768
2490
4759
14010
14299
13362
18754
14897
17167
11065
6860
7786
7121
8197
13058
413
11723
15816
16501
4607
4757
7452
2597
6518
6903
9470
6196
17060
8861
9804
16145
6315
19586
6401
12748
16504
12651
352
17960
14551
9839
15619
5540
2737
13203
3746
5619
6140
1395
4083
15525
16368
13140
826
5999
14473
19831
2329
3574
1836
9432
6255
5261
19549
1550
4305
12967
1317
15342
16158
17261
17939
18910
10066
9634
1854
17926
10903
14980
1609
19345
18634
14545
18279
11832
2474
14694
13778
3292
17162
10558
9389
14831
271
9065
12965
6555
12060
1268
8954
18504
2024
1686
6341
7345
16388
1861
11194
9239
2925
817
13646
13080
241
801
16400
15089
17596
4665
16081
17444
13720
9128
10314
4686
8725
2779
9232
15520
3455
15573
2249
4
4581
2484
4302
17995
1410
3395
8776
5729
120
13258
7417
15023
10713
8088
17665
18971
8672
19218
542
14439
16514
10008
12235
17627
6872
5380
10497
10167
1133
6535
19529
5204
14336
9195
16780
7820
8571
2270
19248
19064
19144
4937
14593
19432
1588
6619
9209
16339
11238
16515
2774
9788
2442
7278
2316
11830
8889
9173
5519
11537
2192
4505
14115
7837
18509
11445
2378
436
15433
999
11865
16643
19307
12589
88
911
7532
19721
7324
15061
10594
16354
19898
3236
16802
10626
16915
5484
11466
1825
7495
2209
13836
5636
1416
10246
2763
5439
6864
11540
10993
20
1413
13884
16675
997
18625
5881
5237
318
2969
5614
16751
17718
3166
18521
14255
15746
11843
6244
2870
9591
946
12673
10396
8839
2745
9332
19720
1837
15412
16746
13198
1234
11889
15722
3708
2026
17751
1557
9679
9456
19142
14379
13020
2115
10286
3753
1613
7244
6438
6844
6666
12031
1444
17567
9780
12866
17109
5652
3419
2417
15895
6226
6032
2905
15543
17280
17579
12215
19900
11994
2465
5072
4731
17007
2710
3120
14335
5692
14390
9328
19382
8447
3430
17779
19411
5513
2457
7997
13057
8910
15191
7199
11697
12358
3736
18544
17510
5537
14079
13023
18492
12679
12111
3868
16906
14442
3943
2368
15457
18220
11041
15905
1953
18411
1000
11738
16232
8038
9926
17891
19834
11925
11289
15134
4601
10715
535
16188
8024
11854
5855
9669
16738
4409
4612
7461
13440
13547
16166
19672
14965
8724
3543
19719
3084
1891
1721
2707
16176
19484
2398
13209
11173
1807
12744
8118
1974
12833
8397
2369
19649
17893
9757
3478
18659
15894
14042
4614
16148
6210
2350
16540
7072
18628
13168
13289
6697
14004
18315
15711
5055
4300
2839
15097
19863
13617
15119
7106
11512
13292
15588
2201
18225
9906
13963
12483
2668
747
5183
5272
7166
1090
4867
6298
5458
10907
15880
290
9968
1442
8193
13568
18507
14233
12912
15397
14766
16338
16488
19153
10294
1821
11196
12392
11736
14002
738
8303
15498
8812
3826
17111
3342
3198
6856
9
3613
641
11353
3760
15418
5157
12371
13252
10162
15180
6366
65
18520
4727
1033
9324
693
19013
16476
19682
7322
5457
14639
3995
583
11534
5698
14212
3163
17717
16527
411
16428
7788
2519
2479
11171
7618
2815
16621
13885
4327
18728
17791
9946
11762
8734
2573
15030
2704
12888
18950
19038
14034
10265
5668
17755
143
9121
15081
2590
17077
13554
12204
8587
10284
14401
417
14466
6790
3991
8692
1696
8026
5054
4144
12194
8030
16877
6923
19370
18880
864
19060
543
14077
11586
1809
4023
4317
1546
19594
16841
12361
17698
18827
10325
17764
8122
12656
10682
15006
5732
3681
17001
6104
3294
1313
12607
19784
4622
1176
16027
10035
13749
2307
5233
9266
18934
1092
8444
19717
14739
1012
247
1159
14280
18044
18641
13243
7707
3473
2377
19006
10037
7651
17647
19097
3863
19120
7757
19527
19612
338
15051
9769
6584
6492
7770
4131
5606
13998
5675
981
18717
5821
1774
8684
6917
12337
11050
13078
9682
7512
2759
18738
6123
2407
7423
6184
9810
6915
2114
1203
14078
15748
7595
19323
7959
2004
17296
16110
4228
13051
7087
549
12005
8784
1598
8686
19693
2606
15091
9402
1811
14636
19219
3362
7180
10260
514
8459
8332
3961
12225
15914
3019
9426
11955
1680
8841
16418
11906
11423
2987
13520
8633
912
9479
3569
15512
15209
7113
18657
13013
19369
7142
19221
8455
5928
16845
10067
8432
8634
4114
3142
257
3438
9016
7603
8350
16192
18050
2765
993
13055
14696
17218
11363
6775
11897
19259
1402
620
11309
18769
10963
5592
2611
14003
9062
16467
3366
13337
2533
15219
15229
4169
2019
9901
5132
9868
8321
465
17630
18553
13425
19531
7967
15599
7080
12034
19383
860
12531
6409
2677
1654
15410
15448
7521
3698
6449
12995
14381
13895
2188
19577
17552
19131
19899
4742
9392
3151
14066
11698
4316
6029
6982
3811
15261
5141
12437
4678
390
6624
1602
17829
8497
18481
16678
4570
1863
16239
16209
17564
1218
3883
11943
16600
9907
17521
2404
3320
6965
15903
6672
14362
4776
3014
4760
17922
19802
17008
2698
12233
15442
19004
15715
14109
11654
7152
14319
650
2603
10887
4458
2970
11722
11956
5422
8145
8470
17205
14292
1540
14853
6905
19234
13010
15945
11590
17257
8840
17486
6674
9956
9714
9354
12010
17468
9110
19182
15625
17946
4230
4256
5316
14769
5453
18900
6544
18786
18699
3568
19009
7425
17672
3397
15125
17720
18969
9280
3690
6457
4036
12345
13947
983
9093
17735
6426
7910
17620
5600
15445
6293
9598
14812
5679
13180
15861
17938
1102
15759
5250
16571
12286
15743
14893
10101
7304
6313
4272
15008
12494
3625
1735
11555
3135
6522
7574
19637
15581
15324
5581
3092
13399
4599
8677
16505
9728
10732
3258
18388
4899
272
9057
892
10403
1400
9680
479
11080
5254
17241
15102
3462
8019
16094
4925
18575
16949
2530
12861
7551
11078
14217
4295
6970
13446
14048
17508
1182
17964
2372
1010
4015
13791
7555
5493
3611
19851
15919
4754
8102
8488
16164
15430
7138
19754
6019
13492
7063
12048
63
12014
18110
8020
18178
16216
16206
1148
7948
4362
19994
9330
4828
4636
13980
1193
10266
1710
15202
14186
14191
7777
289
9513
17584
174
26
1188
673
6541
15685
12061
18280
9590
5782
579
13121
18201
11848
17145
18779
19172
14149
9587
11761
13574
7874
2813
19800
17973
18173
10351
10058
509
17305
16102
8969
10279
7641
12760
19112
7952
309
14542
5628
14059
13111
1790
13620
18080
9570
11499
8201
8289
2616
7325
16779
17239
18095
13747
10231
14285
13191
11755
18369
19879
4996
7049
17760
9096
15123
6386
16084
14704
16912
5099
2205
11157
16053
10762
8566
476
11202
16725
11028
938
18416
11968
2682
17287
18154
7737
1447
12777
10117
4543
19336
3552
16767
18781
6579
9544
68
10740
2803
299
5362
8984
16165
16163
14663
3590
16928
14354
17918
119
6239
3410
13954
17517
5936
16347
11604
91
5100
19079
7544
14343
18107
7465
12102
1926
15256
8292
1523
9639
18586
3322
7536
13497
12716
13442
9925
9575
11500
5655
4517
14398
8912
5978
19807
3788
9637
18439
7783
5499
14957
14689
13172
6957
13932
6078
14509
14595
8442
9028
8671
13897
10068
16072
14666
17055
19447
10194
18408
8603
6537
10104
11214
18467
5156
6650
10542
14040
4082
17407
11372
17730
13872
9343
6127
5405
15509
1359
19815
5119
2895
19418
10785
4441
3926
14241
19836
3185
14683
5423
10364
17394
11533
13538
6739
5437
2349
19483
4385
15059
4689
3853
7432
12823
10198
7114
1818
5635
9348
4237
11516
5538
18942
5454
9696
19395
6447
16483
18106
3676
814
4051
16066
19808
16383
12614
11169
5988
554
18089
16317
17514
5377
13421
7699
5143
2963
13355
14742
6788
17701
11748
16911
14727
18464
8919
3632
9608
341
16974
16591
17876
9468
9913
441
10124
16401
7671
18707
16743
17043
617
17041
1894
19114
1301
7438
6387
8718
19299
6045
16000
3442
11109
710
14773
11546
5244
17549
3749
16305
14983
15731
2318
5689
8827
15371
19289
5168
1113
5346
11845
17398
4780
1052
1965
13922
13564
13263
14675
14493
11099
2444
6750
9220
15698
5654
11467
5161
328
5644
17140
7893
9060
18485
7554
8546
18851
15340
1704
397
14359
5219
19998
16732
17667
3324
8437
5810
5462
19892
19995
16971
2032
7685
6675
19163
11091
18086
6977
5935
13193
19707
11964
10570
4639
13480
14611
7890
8392
935
14828
5068
5985
7279
11641
19417
287
7680
5200
10178
2772
2993
4150
6276
14513
10689
16590
10865
6605
7690
15095
8728
15506
10247
2862
4506
19183
9772
66
9584
9248
10641
10829
9429
18854
19705
16851
19638
10709
3719
18555
4050
4874
13580
19375
13270
15388
10001
5383
9323
18097
15103
12810
3581
3448
8999
13336
4864
3770
14644
12662
1248
8063
9454
18858
11616
17251
9643
6062
16321
14561
8119
19595
13689
8262
13958
13414
5997
14939
8788
9858
1378
3078
12843
8250
11532
2015
3023
5693
6044
12442
6789
14568
2092
301
17327
13283
19080
9848
11873
2980
11361
8165
4565
745
3518
1072
11747
849
14467
4206
10268
9567
13688
1786
17676
1940
16149
17580
16394
7814
6091
6594
17604
17888
2265
12660
13128
7735
19616
3125
9661
5542
14106
9207
1078
18360
5863
7287
15149
17655
18549
18337
15570
8216
292
17126
3517
3062
6680
7158
884
7222
16051
6243
8874
7711
15915
8991
1840
3467
4745
4397
568
7168
12033
7801
10490
17116
6336
10788
12213
5181
5788
9937
19910
5761
9547
13510
19872
14453
3744
12477
16801
1245
15476
16109
5970
17491
8121
8032
15645
6334
4183
472
4930
2394
17669
329
10676
9519
15384
17097
13615
15834
5069
14410
11482
839
18579
3912
18350
6527
17628
1775
2600
15890
7610
14437
17004
14656
7030
5887
5131
8644
14446
5800
9895
1495
1346
18240
2370
9525
545
2040
4910
18985
4841
2422
7104
5267
13712
3250
7706
18901
12543
13957
9768
1093
2950
13341
8536
4053
2055
6061
9061
10248
4246
12655
15105
9274
17545
8629
11262
14274
3030
2948
18263
12321
7951
5241
403
11947
18379
12403
17570
11637
9150
19666
15803
5212
4306
18264
14855
14530
3495
15127
2743
15643
4591
2718
17378
1243
4252
5909
2505
1906
2872
1146
14827
916
8146
6979
5973
9648
13215
17395
9077
5332
17615
5077
10976
19238
4633
7905
8945
6149
6983
15904
19566
9511
3866
15744
16106
19906
19837
19090
3871
5948
932
13892
1754
8113
13984
5361
12686
2035
19314
3796
14086
4269
3575
6740
10998
10872
519
13009
9657
8179
8895
11614
18116
6380
4670
12738
7146
2764
8398
16690
15860
17273
16182
19076
5133
2075
9986
7953
9490
11296
2361
16007
16475
5724
3111
7582
8849
16218
2144
6519
7494
150
5138
18472
10384
12705
4990
3150
10291
13255
694
11663
19819
16210
14163
16115
18660
6786
9477
14172
16818
10478
15975
19797
17856
2487
2105
19941
1370
9386
5593
10305
16814
1910
19673
17812
10468
16348
15084
5070
16162
4805
10929
11554
19686
14014
13107
12746
17850
1936
11131
9623
45
13467
6059
1727
6939
11409
11705
5260
11441
10702
8022
8824
17087
10350
8673
12817
7950
2195
18458
5871
17999
14516
9381
13722
15392
12415
15067
18334
18242
14045
67
6639
530
18156
2983
9339
448
17274
6870
14298
3631
114
8511
5418
8080
956
18013
15881
6559
19733
6751
15185
3819
14569
14402
109
17706
10869
15297
1529
2100
2073
13375
1656
7931
1367
2036
13329
18288
9551
19781
19986
5492
6051
5594
2770
14759
19518
33
6807
7223
1596
752
14060
11991
18484
6121
7301
8875
5523
2077
15002
15064
10380
13162
17725
4326
5607
11277
11535
6304
7261
3560
4163
1114
16847
3326
8757
19027
601
10545
12949
19109
17027
11111
16517
3628
14405
17640
16901
11596
696
17808
7302
18744
11027
14194
19954
314
2797
7998
16303
17833
13145
10387
13843
6488
12006
10175
19471
15110
5616
443
8143
16697
6258
10443
12964
7679
14188
4995
695
19597
16946
9260
18731
14511
6896
13673
6040
11550
11200
17659
14873
3038
4014
10095
19579
16717
14633
1878
17585
14407
7171
793
8166
19298
18187
12943
3802
17024
15704
17392
16619
8204
10511
15794
12612
13670
14646
2219
1196
11668
12734
13657
453
2190
5074
2508
2999
10559
8005
8893
19645
10614
11696
4659
18513
1838
19788
18693
2001
18079
16291
8756
1174
5173
17636
3635
10476
6749
3843
16613
5067
18381
570
14444
8972
34
5364
15283
9912
6557
19363
17265
1528
425
1300
5034
11042
6181
15452
8796
4395
7828
12590
16999
4611
17017
2106
9475
9360
16544
2272
18665
12081
964
3234
8905
10176
2476
18219
447
15471
1760
19058
6500
16763
15330
1964
18850
16191
7588
12158
17373
19366
10701
4644
1770
18255
18735
9401
17190
11188
1614
4773
12151
10530
7264
11242
7232
3032
19451
2131
11695
12577
7738
11984
8590
2517
7988
16616
17075
627
3786
16078
16921
5701
1183
3750
4774
16597
17723
15416
12364
6041
10710
16661
14758
2239
8220
9796
18590
246
19308
4454
9685
16895
9563
10569
12324
6314
12212
3548
17582
17573
12162
19003
6803
18616
17500
3251
5093
1436
8931
19055
15332
1886
13857
12137
4582
17164
8700
12348
10600
2926
334
7971
8356
5381
3255
19683
4964
18632
19813
15158
5786
19052
13271
609
1049
242
5032
16266
1453
11912
19655
15666
15349
13616
15250
1692
16885
8956
9374
2356
18587
10139
14332
7980
7379
6206
19258
234
12020
13944
12063
4942
15242
9048
3558
6274
8001
13796
8388
496
12755
6601
16474
6907
19610
7396
13150
13325
5180
10043
11602
10182
18058
7790
14822
11553
6930
7035
14113
18316
10563
6261
859
16531
19585
10121
17108
16080
9327
9179
13129
1782
12869
5408
13475
3025
9227
16439
9653
11379
13939
7176
11901
15768
2864
19303
12891
10137
16126
8064
13861
12176
2258
16855
5202
1144
3126
11128
15174
607
10087
10392
14911
3304
19951
4313
3616
12132
18874
5704
8542
8027
12742
14908
4383
13320
3388
15925
17278
12226
18218
17440
4374
5939
13504
804
16337
15765
8573
8065
14517
7350
19005
13823
19687
1516
6526
11716
7390
4476
6834
6145
15523
18422
12454
4412
2749
14015
1879
14433
2460
5618
11765
4707
8503
2304
5638
10533
14628
18760
13014
5234
16152
13167
6073
1643
17600
1025
18037
16803
7815
5646
717
7599
8913
11018
2549
8774
13613
8703
10821
2891
1576
9051
17311
10041
11661
18623
1394
8642
15963
10157
13775
130
132
5353
1728
14898
402
5758
8072
992
18451
13466
2924
9053
8761
690
7357
5083
15635
14702
5806
13053
16965
4734
2418
17100
14403
10461
17793
8314
6496
14349
9329
9423
2874
1621
13156
18286
14096
16296
7848
10803
1043
14815
4336
11224
13443
13438
16917
5108
11526
15190
11562
5433
5025
15944
17880
12423
1547
3839
12055
14440
9122
17530
18502
12277
16719
19635
7990
13001
15409
16532
4907
2228
8552
5079
488
17319
7527
9675
2744
15856
10612
8206
3188
15441
16566
4960
15932
8829
7202
2792
17228
1862
16096
11797
5092
10518
19023
8453
979
5347
9172
5906
15050
2091
903
18876
6427
6168
12399
739
18933
19907
2915
2835
19290
5209
14152
1399
8806
1388
4541
16140
11181
415
17003
7208
3937
14489
4634
11089
8310
17454
11581
1649
4991
15120
15248
9944
8538
1657
1673
7468
18085
9197
9708
4274
6250
9535
16411
5239
562
10791
10094
969
13708
18597
3780
12297
5193
16687
6038
7015
12498
6275
1198
13105
16589
9370
10333
19175
6636
16352
8462
9827
11743
2043
19724
12401
800
16029
17673
7335
10045
10924
9055
13094
3382
2109
8987
6291
5975
11777
13118
10230
19379
3567
17072
1271
10620
3706
6033
15991
10397
7268
5174
11868
8860
14970
947
6017
2232
11665
12704
18074
7576
8394
2227
2750
8287
2878
3242
944
12959
8951
7237
2722
5657
5550
14833
4090
18834
14019
517
12935
8567
4448
5752
5129
6975
14356
15438
13760
2409
13851
16963
1893
15453
8506
3927
8598
4238
8110
13237
11067
18566
11484
950
11226
8265
3869
1736
13746
18298
19054
6604
3121
9278
13516
13360
17971
1373
16930
19538
18865
8710
18009
15749
19490
2811
13829
4914
14765
3197
3524
15960
16828
2012
2317
19617
7830
14279
19535
4606
7960
4483
17346
11396
3071
16276
4461
10385
6670
4761
3525
3394
9281
13755
1131
296
3792
1989
10164
17330
1081
16894
10365
8971
12239
15809
4497
5410
6420
4155
8484